編號,設施地點（戶外或室內）,名稱,行政區,地址,經度,緯度,市話,分機,手機,其他聯絡方式,開放時間,電風扇,冷氣,廁所,座位,飲水設施（例如：飲水機；直飲台；奉茶點等）,無障礙座位,其他特色及亮點,備註
1,戶外,線形公園7號(士林),士林區,基隆河北-捷運劍潭站南段(界線:基隆河-通河街),121.5234196,25.07922114,(02)28812912,,,,24小時,N,N,N,Y,N,N,,高架橋下
2,戶外,線形公園8號(士林),士林區,基隆河北-捷運劍潭站南段(界線:通河街-基河路),121.5243412,25.08190178,(02)28812912,,,,24小時,N,N,N,Y,N,N,,高架橋下
3,戶外,線形公園9號(士林),士林區,捷運劍潭站北-士林站南段(界線:文林、基河路口-中山北路5段461巷),121.5271819,25.0884807,(02)28812912,,,,24小時,N,N,N,Y,N,N,,高架橋下
4,戶外,線形公園10號(士林),士林區,捷運士林站北-雙溪南段(界線:中正路-前街),121.5252553,25.09620154,(02)28812912,,,,24小時,N,N,N,Y,N,N,,高架橋下
5,戶外,線形公園11號(士林),士林區,捷運士林站北-雙溪南段(界線:前街-後街),121.5246077,25.09779632,(02)28812912,,,,24小時,N,N,N,Y,N,N,,高架橋下，設有兒童遊戲場
6,戶外,線形公園12號(士林),士林區,捷運士林站北-雙溪南段(界線:後街-雙溪),121.5243106,25.09836856,(02)28812912,,,,24小時,N,N,N,Y,N,N,,高架橋下
7,戶外,線形公園14號(士林),士林區,捷運芝山站北-磺溪南段(界線:德行西路-磺溪),121.5217615,25.10550122,(02)28812912,,,,24小時,N,N,N,Y,N,N,,高架橋下
8,戶外,線形公園-劍潭-遊戲場,士林區,通河街2巷捷運高架下方,121.523403,25.0792,(02)28812912,,,,24小時,N,N,N,Y,N,N,,高架橋下
9,戶外,1號天母公園+擴建區,士林區,中山北路七段141巷旁,121.530518,25.1259089,(02)28832130,,,,24小時,N,N,N,Y,Y,N,,直飲台
10,戶外,天和公園,士林區,天母東路69巷前,121.533989,25.11981964,(02)28832130,,,,24小時,N,N,N,Y,Y,N,,直飲台
11,戶外,東和公園,士林區,中山北路七段114巷旁,121.5336861,25.1226002,(02)28832130,,,,24小時,N,N,N,Y,N,N,,
12,戶外,芝山公園,士林區,至誠路一段與雨聲街交叉口,121.5317764,25.10236931,(02)28832130,,,,24小時,Y,Y,Y,Y,Y,N,,直飲台
13,戶外,美崙公園,士林區,美崙街152巷,121.5172195,25.09737968,(02)28832130,,,,24小時,N,N,Y,Y,Y,N,,直飲台
14,戶外,蘭雅公園,士林區,忠誠路二段24號旁,121.529919,25.109744,(02)28832130,,,,24小時,N,N,N,Y,Y,N,,直飲台
15,戶外,衛理公園,士林區,至善路二段332巷旁,121.5532495,25.10219156,(02)28812912,,,,24小時,N,N,N,Y,N,N,,
16,戶外,衛理公園-遊戲場,士林區,至善路二段332巷旁,121.5532495,25.10219156,(02)28812912,,,,24小時,N,N,N,Y,N,N,,
17,戶外,山仔后公園,士林區,凱旋路及光華路口,121.5456413,25.13747488,(02)28616361,,,,24小時,N,N,Y,Y,Y,N,,直飲台
18,戶外,住六公1公園,士林區,永公路245巷34弄西側,121.559454,25.1371192,(02)28616361,,,,24小時,N,N,N,Y,N,N,,
19,戶外,住六公2公園,士林區,中庸一路205巷底,121.558659,25.137697,(02)28616361,,,,24小時,N,N,N,Y,N,N,,
20,戶外,花卉試驗中心,士林區,仰德大道4段175巷32號,121.5440474,25.13520517,(02)28616361,,,,08:00~17:00,N,N,Y,Y,Y,N,,直飲台
21,戶外,福林公園-遊戲場,士林區,中正路111號,121.5290679,25.09498227,(02)28812912,,,,24小時,N,N,N,Y,Y,N,,直飲台
22,戶外,福志公園-遊戲場,士林區,忠勇街40巷20弄底,121.53431,25.09945644,(02)28812912,,,,24小時,N,N,N,Y,N,N,,
23,戶外,翠山公園-遊戲場,士林區,翠山街與中社路2段口,121.5699206,25.10856074,(02)28812912,,,,24小時,N,N,N,Y,N,N,,
24,戶外,社正公園(鄰里)-遊戲場,士林區,中正路與重慶北路四段交叉處,121.5061904,25.09129022,(02)28826200,,,,24小時,N,N,N,N,Y,N,,直飲台
25,戶外,磺溪公園(鄰里)-遊戲場,士林區,德行西路93巷底,121.5209682,25.10557285,(02)28826200,,,,24小時,N,N,Y,Y,Y,N,,直飲台
26,戶外,至誠公園(鄰里)-遊戲場,士林區,至誠路一段24號對面,121.5365145,25.10123273,(02)28826200,,,,24小時,N,N,N,Y,Y,N,,直飲台
27,戶外,華聲公園(鄰里)-遊戲場,士林區,華聲街20號對面,121.5221998,25.09628325,(02)28826200,,,,24小時,N,N,Y,Y,Y,N,,直飲台
28,戶外,承德公園(鄰里)-遊戲場,士林區,大南路138號對面,121.5220893,25.09005461,(02)28826200,,,,24小時,N,N,N,Y,Y,N,,直飲台
29,戶外,福中公園(鄰里)-遊戲場,士林區,福港街107巷(百齡國小附近),121.5189033,25.08806603,(02)28826200,,,,24小時,N,N,N,Y,Y,N,,直飲台
30,戶外,後港公園(鄰里)-遊戲場,士林區,承德路五段78號旁(度量衡檢定所旁),121.5143,25.09351544,(02)28826200,,,,24小時,N,N,Y,Y,Y,N,,直飲台
31,戶外,福順公園(鄰里)-遊戲場,士林區,延平北路五段136巷內,121.511326,25.08234762,(02)28826200,,,,24小時,N,N,N,Y,Y,N,,直飲台
32,戶外,天壽公園(鄰里)-遊戲場,士林區,仰德大道一段2-2號,121.5256701,25.11414247,(02)28826200,,,,24小時,N,N,N,Y,N,N,,
33,戶外,社子公園,士林區,永平街20巷11弄3號對面,121.5060272,25.09037018,(02)28832130,,,,24小時,Y,Y,Y,Y,Y,N,,直飲台
34,戶外,海光公園,士林區,環河北路三段與葫蘆街交口,121.5078812,25.08185005,(02)28832130,,,,24小時,N,N,Y,Y,Y,N,,直飲台
35,戶外,前港公園,士林區,華齡街與前港街交叉口,121.5201556,25.0860629,(02)28832130,,,,24小時,N,N,N,Y,Y,N,,
36,戶外,忠誠公園,士林區,中山北路六段與忠誠路一段交叉口,121.5257416,25.10342026,(02)28832130,,,,24小時,N,N,Y,Y,Y,N,,直飲台
37,戶外,蘭興公園,士林區,克強路10巷21弄底,121.5231705,25.11034012,(02)28832130,,,,24小時,N,N,N,Y,Y,N,,直飲台
38,戶外,克強公園,士林區,磺溪街55巷,121.521967,25.10798596,(02)28832130,,,,24小時,N,N,Y,Y,Y,N,,
39,戶外,前山3號公園,士林區,陽明路一段34號附近(舊陽明山管理所旁),121.55031,25.149481,(02)28616361,,,,24小時,N,N,N,Y,N,N,,
40,戶外,陽明高中人行天橋,士林區,中正路、褔港路口,121.517608,25.091871,(02)87913835,,,,24小時,N,N,N,N,N,N,,
41,戶外,百齡左岸河濱公園之水上小蟹公園(戲水區),士林區,百齡左岸河濱公園之水上小蟹公園,121.509837,25.093445,(02)28850533,,,,"6月： 每周六、日及國定假日， 10:00–10:30、11:00–11:30、15:00–15:30、16:00–16:30、17:00–17:30
7~8月：每日 10:00–10:30、11:00–11:30、15:00–15:30、16:00–16:30、17:00–17:30
9月： 每周六、日及國定假日， 10:00–10:30、11:00–11:30、15:00–15:30、16:00–16:30、17:00–17:30",N,N,Y,Y,N,N,,
42,戶外,百齡右岸兒童自行車旁遊戲沙坑(設有遮陽網),士林區,百齡橋右岸橋下,121.514931,25.089629,(02)28850533,,,,24小時,N,N,Y,Y,N,N,,
43,戶外,內雙溪自然中心藥用植物園,士林區,至善路三段150巷27號,121.5769153,25.11562795,(02)28414705,,,,"09:00-16:00 
(星期三休園)",N,N,Y,Y,N,N,,
44,室內,"士林官邸公園
新蘭亭",士林區,福林路60號,121.530687,25.09149492,(02)28812512,,,,"08:30-18:00
(星期一休館)",Y,N,N,N,N,N,展覽館,
45,室內,"士林官邸公園
園藝展覽館",士林區,福林路60號,121.5309848,25.09141117,(02)28812512,,,,"08:30-18:00
(星期一休館)",Y,N,N,Y,Y,Y,展覽館,飲水機
46,室內,芝山公園閱覽室,士林區,至誠路一段與雨聲街交叉口,121.5317764,25.10236931,(02)28832130,,,,24小時,Y,Y,Y,Y,Y,N,閱覽室,
47,室內,社子公園閱覽室,士林區,永平街20巷11弄3號對面,121.5060272,25.09037018,(02)28832130,,,,24小時,Y,Y,Y,Y,Y,N,閱覽室,
48,室內,臺北表演藝術中心一、二樓公共空間,士林區,台北市士林區劍潭路1號,121.5242,25.0851,(02) 77563888,,,,每週二–週日，12:00-21:00,N,Y,Y,Y,Y,N,,每週一休館
49,室內,北水處陽明營業分處服務台,士林區,中山北路5段82之1號,121.526281,25.084073,(02)28882123,,,,08:30-17:30,N,Y,Y,Y,Y,N,,
50,室內,士東市場,士林區,士東路100號,121.52954,25.11217,(02)28345308,,,,"1樓:7:00-18:30
2樓:7:30-21:00",N,Y,Y,Y,Y,N,,
51,室內,士林市場,士林區,基河路101號,121.5242,25.08818,(02)28815557,,,,"早市:7:00-12:00
晚市:17:30-23:00",N,Y,Y,Y,N,N,,
52,室內,士林區行政中心,士林區,中正路439號9樓,121.51982,25.09305,(02)28826200,,,,"週一至週五
8:30-17:30
(例假日及國定假日除外)",Y,Y,Y,Y,Y,N,,
53,室內,士林公民會館,士林區,大東路75號,121.52545,25.09058,(02)88611751,,,,"週二至週日
9:00-12:00、14:00-17:00、18:00-21:00
週一全日及週六日晚上不開放",Y,Y,Y,Y,Y,N,,
54,室內,臺北市立天文科學教育館,士林區,基河路363號,121.519,25.09611,(02)28314551,,,,"週二至週五及週日開放時間
9:00-17:00
(週六延長至20:00)",Y,Y,Y,Y,Y,Y,,"1.每週一休館(如遇國定假日則維持開放)。
2.若欲參觀展示場、宇宙探險設施及劇場，需購票參觀。"
55,室內,圖書館葫蘆堵分館,士林區,延平北路五段136巷1號3-9樓,121.5107816,25.08230004,(02)28126513,,,,"週日、週一:
9:00-17:00
週二~週六:
8:30-21:00",Y,Y,Y,Y,Y,N,,國定假日、每月第一個星期四為休館日
56,室內,圖書館天母分館,士林區,中山北路七段154巷6號3-4樓,121.5304864,25.1236175,(02)28736203,,,,"週日、週一:
9:00-17:00
週二~週六:
8:30-21:00",Y,Y,Y,Y,Y,N,,國定假日、每月第一個星期四為休館日
57,室內,圖書館士林分館替代館,士林區,基河路363號2樓圖書室,121.5182989,25.09583845,(02)28340085,,,,"週二～週日:
9:00-17:00",N,Y,Y,Y,Y,N,,週一、國定假日、每月第一個星期四為休館日
58,室內,李科永紀念圖書館,士林區,中正路15號1樓-地下2樓,121.5315296,25.09609651,(02)28833453,,,,"週日、週一:
9:00-17:00
週二~週六:
8:30-21:00",Y,Y,Y,Y,Y,N,,國定假日、每月第一個星期四為休館日
59,室內,百齡智慧圖書館,士林區,"福港街205號
(臺北市士林區百齡國民小學)",121.518024,25.08609926,(02)28126513,,,,"週一~週五、經公告之補行上課日：17:50-20:50
週六、週日：9:10-20:50 ",Y,Y,Y,Y,N,N,,經政府公告之放假日為休館日；寒暑假開放時間請參見首頁開館異動
60,室內,社子島智慧圖書館,士林區,延平北路九段80號2樓,121.4747208,25.1062465,(02)28126513,,,,9:00-21:00,Y,Y,Y,Y,Y,N,,經政府公告之放假日為休館日、館舍空間在2樓但沒有電梯
61,室內,士林區健康服務中心1F服務台,士林區,士林區中正路439號,121.5201335,25.09302432,(02)28813039,,,,8:30-17:30,Y,Y,Y,Y,Y,Y,,
62,室內,聯合醫院陽明院區美食街,士林區,雨聲街105號,121.531953,25.105323,(02)28353456,,,,8:00-18:00,N,Y,Y,Y,Y,Y,,
63,室內,聯合醫院士林門診部,士林區,中正路439號,121.519784,25.093062,(02)28836268,,,,"9:00-11:00
(中午休息)
14:00-16:00",N,Y,Y,Y,Y,Y,,星期六、日休息
64,室內,士林運動中心,士林區,士商路1號,121.5296566,25.08755316,(02)28806066,,,,6:00至22:00,Y,Y,Y,Y,Y,N,製冰機,
65,戶外,臺北市天母棒球場,士林區,忠誠路二段77號,121.5329752,25.11327,(02)28735688,,,,8:00至22:00,Y,Y,Y,Y,Y,Y,製冰機,
66,戶外,臺北市天母網球場,士林區,忠誠路二段77號,121.5359392,25.11356407,(02)28748268,,,,5:00至22:00,Y,Y,Y,Y,Y,N,製冰機,
67,戶外,玉泉公園,大同區,西寧北路28號,121.507205,25.049529,(02)25850192,,,,24小時,N,N,N,Y,N,N,,
68,戶外,玉泉公園-遊戲場,大同區,西寧北路28號,121.5073502,25.04975379,(02)25850192,,,,24小時,N,N,N,Y,Y,N,,直飲台
69,戶外,建成公園-遊戲場,大同區,承德路二段31號,121.5187524,25.05438626,(02)25850192,,,,24小時,N,N,N,Y,N,N,,
70,戶外,樹德公園-遊戲場,大同區,大龍街、大同區行政中心旁,121.51628,25.0668,(02)25850192,,,,24小時,N,N,Y,Y,Y,N,,直飲台
71,戶外,大龍公園-遊戲場,大同區,大龍街 244號旁,121.5155386,25.07026549,(02)25850192,,,,24小時,N,N,N,Y,Y,N,,直飲台
72,戶外,承德民權人行天橋,大同區,承德路三段、民權西路口,121.518211,25.063096,(02)87913835,,,,24小時,N,N,N,N,N,N,,
73,戶外,延平河濱公園-薄膜涼亭,大同區,敦煌路環河南北快速道路 淡六號(敦煌)疏散門,121.508192,25.076,(02)28850533,,,,24小時,N,N,Y,Y,N,N,,
74,戶外,迪化污水處理廠附設休閒運動公園-遊戲場,大同區,延平北路四段200號,121.5104877,25.0747099,(02)25973183,,,,24小時,N,N,Y,Y,Y,N,,
75,室內,新芳春茶行,大同區,民生西路309號,121.5125,25.0572,(02)77563910,,,,每週三–週日，10:00–18:00,Y,Y,Y,Y,N,Y,,每週一及週二休館
76,室內,臺灣新文化運動紀念館,大同區,寧夏路87號,121.5150413,25.0593375,(02)25570087,,,,每週二–週日，09:30–17:30,N,Y,Y,Y,Y,N,,每週一休館
77,室內,渭水驛站,大同區,延平北路二段27號,121.5118975,25.0547203,(02)25566015,,,,每週二–週日，09:30–17:30,N,Y,Y,Y,N,N,,每週一休館
78,室內,台北當代藝術館,大同區,長安西路39號,121.5189824,25.05090463,(02)25523721,,,,每週二–週日，10:00-18:00,N,Y,Y,Y,N,N,,每週一休館
79,室內,大稻埕戲苑,大同區,迪化街一段21號8樓,121.5106,25.05487,(02)25569101,,,,每週二–週日，09:00–17:00,N,Y,Y,Y,Y,N,展覽空間,每週一休館
80,室內,大龍市場,大同區,重慶北路三段347號,121.51412,25.0751,(02)25927502,,,,6:00-15:00,N,Y,Y,N,N,N,,
81,室內,永樂市場,大同區,迪化街一段21號,121.51079,25.05508,(02)25566004,,,,"1樓：
8:00-16:00
2樓至3樓：
9:00-18:00",N,Y,Y,Y,N,Y,,
82,室內,雙連市場,大同區,民生西路198號,121.51694,25.05711,(02)25569474,,,,24小時,Y,N,Y,N,N,N,,
83,室內,蘭州市場,大同區,昌吉街55號至57號,121.5162,25.06621,(02)25924738,,,,8:00-16:00,N,Y,Y,N,N,N,,
84,室內,大同區行政中心,大同區,昌吉街57號4樓,121.515759,25.06607,(02)25975323,,,,"週一至週五8:30-17:30
(例假日及國定假日除外)",Y,Y,Y,Y,Y,N,,
85,室內,孔廟六藝展間,大同區,大龍街275號,121.51658,25.07247,(02)25923934,,,,週二至週日8:30-17:00,Y,Y,Y,Y,Y,N,,
86,室內,中山地下街,大同區,"北段：民生西路47號
南段：長安西路52-1號",121.520568,25.057770,(02)21812345,,,,"6:00-1:00
(公共空間及通道開放時間)",N,Y,Y,Y,Y,N,提供百貨、餐飲及書街等服務,
87,室內,圖書館延平分館,大同區,保安街47號,121.51212,25.05927,(02)25528534,,,,"週日、週一:
9:00-17:00
週二~週六:
8:30-21:00",Y,Y,Y,Y,Y,N,,國定假日、每月第一個星期四為休館日
88,室內,圖書館大同分館,大同區,重慶北路三段318號,121.513359,25.074331,(02)25943236 ,,,,"週日、週一:
9:00-17:00
週二~週六:
8:30-21:00",Y,Y,Y,Y,Y,N,,國定假日、每月第一個星期四為休館日
89,室內,圖書館建成分館,大同區,民生西路198-20號4樓,121.51633,25.05703,(02)25582320,,,,"週日、週一:
9:00-17:00
週二~週六:
8:30-21:00",Y,Y,Y,Y,Y,N,,國定假日、每月第一個星期四為休館日，建成圖書館無電梯。
90,室內,蘭州民眾閱覽室,大同區,昌吉街57號4樓之6,121.5132728,25.06649,(02)25981387,,,,"週日、週一:
9:00-17:00
週二~週六:
8:30-21:00",Y,Y,Y,Y,Y,N,,國定假日、每月第一個星期四為休館日
91,戶外,明倫社會住宅公共空間,大同區,承德路三段285號,121.5199,25.07326,(02)25925116,,,,24小時,N,N,N,N,N,N,,
92,室內,中興院區美食街,大同區,鄭州路145號,121.509292,25.051087,(02)25523234,,,,8:00-18:00,N,Y,Y,Y,Y,Y,,該處為醫療院所進行感染控制管制，原則僅開放來院就診民眾及陪(探)病民眾。
93,室內,大同運動中心,大同區,大龍街51號,121.516161,25.065405,(02)25920055,,,,6:00-22:00,Y,Y,Y,Y,Y,Y,製冰機,
94,室內,玉泉公園游泳池,大同區,西寧北路28號,121.5074792,25.0501304, (02)25500996,,,,5:30–22:00,Y,Y,Y,Y,Y,N,,
95,戶外,大安森林公園,大安區,新生南路二段1號,121.5361407,25.02964304,(02)27003830,,,,24小時,N,N,Y,Y,Y,Y,,直飲台
96,戶外,大安森林公園-遊戲場,大安區,新生南路二段1號,121.536252,25.032568,(02)27003830,,,,24小時,N,N,Y,Y,Y,Y,,直飲台
97,戶外,富陽公園,大安區,臥龍街272巷,121.5575412,25.01666184,(02)27003830,,,,24小時,N,N,Y,Y,N,N,,
98,戶外,福州山公園,大安區,臥龍街195巷,121.55484,25.0159324,(02)27003830,,,,24小時,N,N,Y,Y,N,N,,
99,戶外,黎和公園,大安區,和平東路三段512巷,121.5597753,25.01503539,(02)27003830,,,,24小時,N,N,Y,Y,N,N,,
100,戶外,永康公園,大安區,永康街,121.5295983,25.03175519,(02)27003830,,,,24小時,N,N,Y,Y,N,N,,
101,戶外,嘉興公園,大安區,樂業街96號,121.5519981,25.02154685,(02)27003830,,,,24小時,N,N,Y,Y,N,N,,
102,戶外,法治公園-遊戲場,大安區,通化街184巷5號,121.5528579,25.02693885,(02)27003830,,,,24小時,N,N,N,Y,N,N,,
103,戶外,?公圳公園-遊戲場,大安區,安東街40巷41號,121.540376,25.04398065,(02)27003830,,,,24小時,N,N,N,Y,N,N,,
104,戶外,?公綠廊(噴霧降溫),大安區,復興南路一段135巷,121.544054,25.042534,(02)29379440,,,,24小時,N,N,N,Y,N,N,,
105,戶外,新生南水圳(開放式水道),大安區,新生南路3段(辛亥路至台大大門),121.533846,25.018819,(02)29379440,,,,24小時,N,N,N,Y,N,N,,
106,戶外,懷生國中人行天橋,大安區,忠孝東路三段248巷(懷生國中前),121.541281,25.040258,(02)87913835,,,,24小時,N,N,N,N,N,N,,
107,室內,大安森林公園綠化教室,大安區,新生南路二段1號,121.5355671,25.03016876,(02)27003830,,,,08:00-17:00,Y,Y,Y,Y,Y,N,,飲水機
108,室內,蟾蜍山煥民新村,大安區,羅斯福路四段119巷66弄12號,121.5393759,25.00943356,(02)23777300,,,,"每週二–週日:
10:00–17:00",Y,Y,Y,Y,Y,N,,每週一休館
109,室內,安東市場,大安區,瑞安街75號,121.54171,25.02839,,,,,6:30-18:00,Y,Y,Y,N,N,N,,
110,室內,成功中繼市場,大安區,敦化南路2段120號,121.54895,25.02666,(02)27061873,,,,6:30-14:00,Y,Y,Y,Y,Y,N,,
111,室內,信義市場,大安區,信義路三段107號,121.53933,25.03415,(02)27078029,,,,7:30-14:00,Y,N,Y,N,N,N,,
112,室內,南門市場,大安區,羅斯福路一段8號,121.51852,25.03274,(02)23218069,,,,7:00-19:00,Y,Y,Y,Y,Y,Y,,
113,室內,錦安市場,大安區,永康街60號,121.52976,25.0288,,,,,14:30-20:30,N,N,Y,Y,N,N,,
114,室內,大安區行政中心,大安區,新生南路二段86號8樓,121.5345108,25.02654614,(02)23511711,,,,"週一至週五8:30-17:30
(例假日及國定假日除外)",Y,Y,Y,Y,N,N,,
115,室內,客家文化會館,大安區,臺北市大安區信義路三段157巷11號,121.5430007,25.03472372,(02)27026141,,,,"週一至週五9:00-21:00
週六至週日9:0017:00",Y,Y,Y,Y,Y,Y,客家文化展示,
116,室內,客家藝文活動中心,大安區,臺北市大安區新生南路一段157巷19號3樓,121.5357075,25.03530884,(02)27093234,,,,"週一至週五9:00-21:00
週六至週日9:00-17:01",Y,Y,Y,Y,Y,Y,,
117,室內,東區地下街,大安區,大安路一段77號,121.546315,25.041916,(02)21812345,,,,"6:00-1:00
(公共空間及通道開放時間)",N,Y,Y,Y,N,N,提供百貨、餐飲及書店等服務,
118,室內,圖書館道藩分館,大安區,辛亥路3段11號3樓,121.5440168,25.02178114,(02)27334031,,,,"週日、週一:
9:00-17:00
週二~週六:
8:30-21:00",Y,Y,Y,Y,Y,N,,國定假日、每月第一個星期四為休館日
119,室內,延吉民眾閱覽室,大安區,延吉街236巷17號3-4樓,25.03647,121.55515,(02)27081964,,,,"週日、週一:
9:00-17:00
週二~週六:
8:30-21:00",Y,Y,Y,Y,Y,Y,,國定假日、每月第一個星期四為休館日
120,室內,成功民眾閱覽室,大安區,和平東路2段311巷29號4樓,121.5452938,25.02563305,(02)27013604,,,,"週日、週一:
9:00-17:00
週二~週六:
8:30-21:00",Y,Y,Y,Y,Y,N,,國定假日、每月第一個星期四為休館日
121,室內,龍安民眾閱覽室,大安區,永康街60號2-3樓,121.52985,25.02865,(02)23945485,,,,"週日、週一:
9:00-17:00
週二~週六:
8:30-21:00",Y,Y,Y,Y,Y,Y,,國定假日、每月第一個星期四為休館日
122,室內,東區地下街智慧圖書館,大安區,大安路1段77號東區地下街3號店鋪,121.5460909,25.04187315,(02)27552823,2104,,,6:00-00:00,Y,Y,N,Y,N,N,,依捷運站開放
123,室內,大安區健康服務中心,大安區,辛亥路3段15號,121.544274,25.021577,(02)27335831,,,,8:30-17:30,Y,Y,Y,Y,Y,Y,,
124,室內,聯合醫院仁愛院區美食街,大安區,仁愛路四段10號,121.545321,25.03739,(02)27093600,,,,8:00-18:00,N,Y,Y,Y,Y,Y,,
125,室內,大安運動中心,大安區,辛亥路3段55號,121.5457785,25.02094314,(02)23770300,,,,6:00-22:00,Y,Y,Y,Y,Y,N,製冰機,
126,室內,臺北和平籃球館,大安區,敦南街76巷28號,121.5453473,25.02157632,(02)66170101,,,,6:00-22:00,N,Y,Y,Y,N,Y,製冰機,
127,戶外,線形公園4號(大同)-遊戲場,中山區,承德路3段129巷旁,121.519586,25.067906,(02)25850192,,,,24小時,N,N,N,N,N,N,,高架橋下
128,戶外,新生公園,中山區,新生北路三段105號,121.539136,25.063459,(02)25850192,,,,24小時,N,N,Y,Y,Y,N,,直飲台
129,戶外,榮星花園-遊戲場,中山區,民權東路三段1號,121.539136,25.063459,(02)25850192,,,,24小時,N,N,Y,Y,Y,N,,直飲台
130,戶外,林森公園-遊戲場,中山區,南京東路一段林森北路右側,121.52617,25.05271,(02)25850192,,,,24小時,N,N,Y,Y,Y,N,,直飲台
131,戶外,華山公園-遊戲場,中山區,市民大道二段上,121.52632,25.04764,(02)25850192,,,,24小時,N,N,N,Y,Y,N,,直飲台
132,戶外,榮星公園-遊戲場,中山區,民權東路建國北路,121.53856,25.06381,(02)25850192,,,,24小時,N,N,Y,Y,Y,N,,直飲台
133,戶外,明水公園-遊戲場,中山區,北安路538巷1弄1號前,121.54867,25.07908,(02)25850192,,,,24小時,N,N,N,Y,N,N,,
134,戶外,花博公園美術園區-遊戲場,中山區,中山北路以東民族東路以北,121.52402,25.06818,(02)25850192,,,,24小時,N,N,Y,Y,N,N,,
135,戶外,永直公園-遊戲場,中山區,北安路608巷14弄1號,121.55052,25.081622,(02)25850192,,,,24小時,N,N,Y,Y,Y,N,,直飲台
136,戶外,晴光公園-遊戲場,中山區,"雙城街7,13及10巷口",121.5241554,25.06392845,(02)25850192,,,,24小時,N,N,N,Y,Y,N,,直飲台
137,戶外,永盛公園-遊戲場,中山區,"中山北路二段93巷26,40號間",121.5250456,25.05893176,(02)25850192,,,,24小時,N,N,N,Y,Y,N,,直飲台
138,戶外,中安公園-遊戲場,中山區,中山北路二段65巷2弄內,121.5240264,25.05648352,(02)25850192,,,,24小時,N,N,N,Y,N,N,,
139,戶外,松錦2號公園-遊戲場,中山區,民生東路二段115巷25弄,121.5321432,25.05961393,(02)25850192,,,,24小時,N,N,N,Y,Y,N,,直飲台
140,戶外,中吉公園-遊戲場,中山區,松江路170巷內,121.5318979,25.05645822,(02)25850192,,,,24小時,N,N,Y,Y,Y,N,,直飲台
141,戶外,一江公園-遊戲場,中山區,一江街31號對面,121.5313011,25.05335543,(02)25850192,,,,24小時,N,N,N,Y,Y,N,,直飲台
142,戶外,花博公園新生園區-遊戲場,中山區,新生北路三段105號民族東路松江路間,121.53084,25.07001,(02)25850192,,,,24小時,N,N,Y,Y,Y,N,,直飲台
143,戶外,B2C2連通天橋,中山區,敬業四路33號全聯總部至萬豪酒店,121.5585,25.081083,(02)87913835,,,,24小時,N,N,N,N,N,N,,
144,戶外,忠泰商場連通天橋,中山區,敬業三路100號旁,121.556556,25.082639,(02)87913835,,,,24小時,N,N,N,N,N,N,,
145,戶外,大佳河濱公園共融式遊戲場沙坑(設有遮陽網),中山區,基九號(大佳)疏散門旁,121.534987,25.074501,(02)27126390,,,,24小時,N,N,Y,Y,N,N,,
146,戶外,大佳河濱公園戲水區,中山區,基九號(大佳)疏散門旁,121.536259,25.074513,(02)27126390,,,,"6月： 每周六、日及國定假日，10:00~10:40、11:00~11:40、15:00~18:00
7~8月：每日 ?10:00~10:40、?11:00~11:40、??15:00~18:00
9月： 每周六、日及國定假日，10:00~10:40、11:00~11:40、15:00~18:00",N,N,Y,Y,N,N,,
147,戶外,大佳河濱公園-薄膜涼亭,中山區,基八號(濱江)疏散門旁,121.539477,25.07396,(02)27126390,,,,24小時,N,N,Y,Y,N,N,,
148,戶外,大佳河濱公園-薄膜涼亭,中山區,基九號(大佳)疏散門旁,121.537815,25.073943,(02)27126390,,,,24小時,N,N,Y,Y,N,N,,
149,戶外,大佳河濱公園-薄膜涼亭,中山區,基九號(大佳)疏散門旁,121.537001,25.075406,(02)27126390,,,,24小時,N,N,Y,Y,N,N,,
150,戶外,大佳河濱公園-薄膜涼亭,中山區,基九號(大佳)疏散門旁,121.535471,25.074497,(02)27126390,,,,24小時,N,N,Y,Y,N,N,輕食販賣,
151,戶外,大佳河濱公園-薄膜涼亭,中山區,基十號(林安泰)疏散門,121.530058,25.074223,(02)27126390,,,,24小時,N,N,Y,Y,N,N,,
152,戶外,美堤河濱公園兒童遊戲場沙坑(設有遮陽網),中山區,基十六號(美堤)疏散門旁,121.55634,25.076175,(02)27126390,,,,24小時,N,N,Y,Y,N,N,,
153,室內,臺北典藏植物園,中山區,濱江街16號,121.53177,25.07095,(02)23919677,,,,"9:00-17:00 
(星期一休館)",N,Y,Y,Y,N,Y,,展覽館
154,室內,花博新生閱覽室,中山區,新生北路3段105號,121.52876,25.07016,(02)29379440,,,,8:00-17:00,N,Y,Y,Y,Y,Y,,閱覽室/飲水機
155,室內,臺北市立美術館,中山區,臺北市中山區中山北路三段181號,121.5255,25.0589,(02)25957656,,,,"每週二-週五9:30-17:30
每週六
09:30-20:30
每週日
9:30-17:30",N,Y,Y,Y,Y,N,,每週一休館
156,室內,北水處北區營業分處服務台,中山區,長安西路3號2樓,121.521201,25.050163,(02)21004123,,,,08:30-17:30,N,Y,Y,Y,Y,N,,
157,室內,八德市場,中山區,八德路二段108之1號,121.53789,25.04568,(02)28411449,,,,7:00-17:30,N,N,Y,N,N,N,,
158,室內,大直市場,中山區,北安路458巷41弄3號,121.54593,25.07875,(02)25322782,,,,7:00-13:00,Y,N,Y,N,N,N,,
159,室內,中山市場,中山區,長安西路3號,121.52178,25.05034,(02)25512743,,,,8:30-17:30,Y,N,Y,N,N,N,,
160,室內,中山商場,中山區,保儀路13巷3號,121.52174,25.0512,(02)25510098,,,,8:00-20:00,N,N,N,N,N,N,,
161,室內,行天宮商場,中山區,民權東路二段(地下人行道),121.53356,25.06286,(02)25057271,,,,7:00-23:00,N,N,N,Y,N,N,,
162,室內,松江市場,中山區,錦州街222號,121.53229,25.06033,(02)25677101,,,,6:00-0:00,N,Y,Y,N,Y,N,,
163,室內,長春市場,中山區,長春路299號,121.54238,25.05488,(02)25028202,,,,8:00-20:00,N,N,Y,N,N,N,,
164,室內,建國市場,中山區,伊通街94巷4號,121.53442,25.05378,(02)25072615,,,,8:00-20:00,N,N,N,N,N,N,,
165,室內,中山區行政中心,中山區,松江路367號1樓、5樓,121.5336407,25.0643545,(02)25031369,,,,"週一至週五8:30-17:30
(例假日及國定假日除外)",Y,Y,Y,Y,Y,N,,
166,室內,中山公民會館,中山區,中山北路二段128號,121.522691,25.061687,(02)25314169,,,,"週二至週五9:00-21:00、週六
9:00-17:00",Y,Y,Y,N,Y,N,,
167,戶外,心中山線形公園,中山區,中山北路二段48巷7號,121.521341,25.05597,(02)21812345,,,,24小時,N,N,N,Y,N,N,,
168,室內,圖書館中山分館,中山區,松江路367號8樓,121.5335169,25.06453484,(02)25026442,,,,"週日、週一:
9:00-17:00
週二~週六:
8:30-21:00",Y,Y,Y,Y,Y,N,,國定假日、每月第一個星期四為休館日
169,室內,圖書館長安分館,中山區,長安西路3號4樓,121.52092,25.05031,(02)25625540,,,,"週日、週一:
9:00-17:00
週二~週六:
8:30-21:00",Y,Y,Y,Y,Y,N,,國定假日、每月第一個星期四為休館日
170,室內,圖書館大直分館,中山區,大直街25號3-5樓,121.546765,25.081934,(02)25336535,,,,"週日、週一:
9:00-17:00
週二~週六:
8:30-21:00",Y,Y,Y,Y,Y,N,,國定假日、每月第一個星期四為休館日
171,室內,恆安民眾閱覽室,中山區,民權東路一段71巷19號,121.5272581,25.06357855,(02)25395482,,,,"週日、週一:
9:00-17:00
週二~週六:
8:30-21:00",Y,Y,Y,Y,Y,N,,國定假日、每月第一個星期四為休館日
172,戶外,MAJI美食商城,中山區,中山區玉門街1號,121.5221566,25.0698286,(02)25977112,208,,,"周日至周四 10:00-22:00
周五、周六 10:00-24:00",N,N,Y,Y,N,N,,
173,戶外,花博公園-長廊廣場,中山區,中山區玉門街1號,121.5214,25.0706,(02)21828886,,,,24小時,N,N,Y,Y,N,N,,
174,室內,聯合醫院中山門診部,中山區,松江路367號,121.533629,25.064558,(02)25013363,,,,"08:30-11:30
(中午休息)
13:30-16:30",N,Y,Y,Y,Y,Y,,"星期六、日
休息"
175,室內,中山運動中心,中山區,中山北路二段44巷2號,121.521302,25.05507654,(02)25811060,,,,6:00-22:00,Y,Y,Y,Y,Y,N,,
176,室內,榮星花園游泳池,中山區,建國北路三段39號,121.5377179,25.06413656,(02)25079366,,,,5:30-22:00,Y,Y,Y,Y,Y,N,,
177,戶外,迎風碼頭(大直橋下碼頭),中山區,橋下水域休憩碼頭,121.544132,25.075807,(03)4862200,,,,9:00-17:30,N,N,N,N,N,N,,
178,戶外,中央藝文公園,中正區,北平東路,121.5268208,25.04625728,(02)23032451,,,,24小時,N,N,Y,Y,Y,N,,直飲台
179,戶外,中央藝文公園-遊戲場,中正區,北平東路,121.5268208,25.04625728,(02)23032451,,,,24小時,N,N,Y,Y,Y,N,,直飲台
180,戶外,逸仙公園,中正區,中山北路一段46號,121.5200714,25.04768548,(02)23032451,,,,24小時,N,N,Y,Y,N,N,,
181,戶外,二二八公園,中正區,凱達格蘭大道3號,121.5150361,25.04154262,(02)23032451,,,,24小時,N,N,Y,Y,Y,N,,直飲台
182,戶外,青島一館人行天橋,中正區,青島東路至立法院一館前,121.520525,25.044216,(02)87913835,,,,24小時,N,N,N,N,N,N,,
183,室內,逸仙公園國父史蹟館,中正區,中山北路一段46號,121.520168,25.04793819,(02)23032451,,,,8:00-17:00,N,Y,Y,Y,N,N,,展覽館
184,室內,臺北記憶倉庫,中正區,忠孝西路一段265號,121.5124,25.0477,(02)23714597,,,,每週二–週日，11:00–19:00,N,Y,Y,Y,N,N,,每週一休館
185,室內,嘉禾新村,中正區,永春街131巷1號,121.527158,25.016016,(02)23652530,,,,每週二–週日，11:00–18:00,Y,Y,Y,Y,Y,N,,每週一休館
186,室內,紀州庵文學森林,中正區,同安街 107 號,121.520688,25.02163258,(02)23687577,,,,"每週二–週日，10:00-18:00
1.古蹟：週五延至21:00
2.新館：週五、週六延至21:00",N,Y,Y,Y,Y,N,,每週一休館
187,室內,中山堂管理所,中正區,延平南路98號,121.5096928,25.04319964,(02)23813137,,,,每週二–週日，9:00-17:00,N,Y,Y,Y,Y,N,展覽空間,每月週一休館
188,室內,北水處西區營業分處服務台,中正區,牯嶺街38號,121.516493,25.029748,(02)33431678,,,,8:30-17:30,N,Y,Y,Y,Y,N,,
189,室內,北水處南區營業分處服務台,中正區,思源街1號,121.530593,25.01359,(02)83695123,,,,8:30-17:30,N,Y,N,Y,Y,N,,
190,室內,水源市場,中正區,羅斯福路四段92號,121.53493,25.01376,(02)23650797,,,,7:00-20:00,N,Y,Y,N,Y,N,,
191,室內,光華商場,中正區,市民大道三段8號,121.53191,25.04537,(02)23412202,,,,11:00-21:00,Y,Y,Y,Y,Y,N,,
192,室內,幸安市場,中正區,濟南路二段46號,121.53083,25.04043,(02)23945706,,,,8:00-19:00,Y,Y,Y,N,N,N,,
193,室內,東門市場,中正區,信義路二段81號,121.52701,25.03476,(02)23939424,,,,7:00-14:00,Y,N,Y,N,N,N,,
194,室內,華山市場,中正區,臺北市中正區號,121.52483,25.04438,(02)23936571,,,,"1樓：
9:00-19:00
2樓：
飲食攤
5:00-14:00
百貨攤
9:00-19:00
（週日1樓及2樓營業時間為9:00-14:00）",Y,Y,Y,Y,N,N,,
195,室內,新生市場,中正區,新生南路一段134之1號,121.53249,25.03703,(02)23215118,,,,9:00-20:00,Y,N,Y,N,N,N,,
196,室內,台北地下街,中正區,市民大道1段100號,121.5135772,25.0470259,(02)25594566,,,,11:00-21:30,N,Y,Y,Y,Y,N,,
197,室內,K區地下街,中正區,忠孝西路1段47號,121.5135879,25.047026,(02)23812766,,,,11:00-22:00,N,Y,Y,Y,N,N,,
198,室內,站前地下街,中正區,忠孝西路1段50-1號,121.515793,25.046433,(02)23751567,,,,11:00-20:00,N,Y,Y,Y,N,N,,
199,室內,中正區行政中心,中正區,羅斯福路一段8號6樓,121.5183599,25.03219376,(02)23416721,,,,"週一至週五8:30-17:30
(例假日及國定假日除外)",Y,Y,Y,Y,Y,N,,
200,室內,臺北市客家文化中心,中正區,臺北市中正區汀州路三段2號,121.5252101,25.0201848,(02)23691198,,,,"週二至週日
9:00-18:00",Y,Y,Y,Y,Y,N,客家文化展示,
201,室內,臺北市客家音樂戲劇中心,中正區,臺北市中正區汀州路三段2號,121.5257466,25.01965014,(02)23691198,,,,"週二至週日
9:00-18:00",Y,Y,Y,Y,Y,N,,
202,戶外,臺北市客家文化主題公園-禾埕廣場,中正區,臺北市中正區汀州路三段2號,121.5255216,25.01988009,(02)23691198,,,,24小時,N,N,Y,N,N,N,,
203,戶外,臺北市客家文化主題公園-好食廣場,中正區,臺北市中正區汀州路三段2號,121.5251675,25.020032,(02)23691198,,,,24小時,N,N,Y,Y,N,N,,
204,戶外,臺北市客家文化主題公園-伯公亭,中正區,臺北市中正區汀州路三段2號,121.524534,25.02003762,(02)23691198,,,,24小時,N,N,Y,Y,N,N,,
205,戶外,臺北市客家文化主題公園-土坡涼亭,中正區,臺北市中正區汀州路三段2號,121.5246849,25.01906074,(02)23691198,,,,24小時,N,N,Y,Y,N,N,,
206,戶外,臺北市客家文化主題公園-北林蔭步道,中正區,臺北市中正區汀州路三段2號,121.5241062,25.02055599,(02)23691198,,,,24小時,N,N,Y,Y,N,N,,
207,戶外,臺北市客家文化主題公園-西林蔭步道,中正區,臺北市中正區汀州路三段2號,121.5240158,25.01954616,(02)23691198,,,,24小時,N,N,Y,N,N,N,,
208,戶外,臺北市客家文化主題公園-南林蔭步道,中正區,臺北市中正區汀州路三段2號,121.525073,25.01913027,(02)23691198,,,,24小時,N,N,Y,Y,N,N,,
209,室內,臺北市客家圖書影音中心,中正區,臺北市中正區羅斯福路一段95巷1號,121.5205136,25.03109725,(02)23973733,,,,週二至週六10:00-21:00,Y,Y,Y,Y,Y,N,,
210,室內,西門地下街,中正區,中華路1段51-1號,121.509075,25.043959,(02)21812345,,,,"6:00-01:00
(公共空間及通道開放時間)",N,Y,Y,N,N,N,,
211,室內,王貫英紀念館,中正區,汀州路二段265號,121.52415,25.02282,(02)23678734,,,,"週日、週一:
9:00-17:00
週二~週六:
8:30-21:00",Y,Y,Y,Y,Y,N,,國定假日、每月第一個星期四為休館日
212,室內,圖書館城中分館,中正區,濟南路二段46號3樓,121.53105,25.04041,(02)23938274,,,,"週日、週一:
9:00-17:00
週二~週六:
8:30-21:00",Y,Y,Y,Y,Y,Y,,國定假日、每月第一個星期四為休館日
213,室內,古亭國中智慧圖書館,中正區,寧波西街286號,121.5107886,25.02529008,(02)23391056,,,,9:00-21:00,Y,Y,Y,Y,N,N,,國定假日為休館日
214,室內,中正運動中心,中正區,信義路1段1號,121.5193474,25.03868779,(02)23961000,,,,6:00-22:00,Y,Y,Y,Y,Y,N,製冰機,
215,戶外,碧湖公園,內湖區,內湖路二段175號,121.585547,25.082405,(02)26586601,,,,24小時,N,N,Y,Y,Y,N,,直飲台
216,戶外,大港墘公園-遊戲場,內湖區,瑞光路391號,121.573375,25.077973,(02)26586601,,,,24小時,N,N,Y,Y,Y,N,,直飲台
217,戶外,大港墘公園-遊戲場,內湖區,瑞光路391號.(六期重劃),121.5735338,25.07784526,(02)26586601,,,,24小時,N,N,Y,Y,Y,Y,,
218,戶外,西湖公園-遊戲場,內湖區,內湖路一段387巷3弄5-11號旁(恕德家商旁).,121.5703519,25.08380182,(02)26586601,,,,24小時,N,N,Y,Y,N,N,,
219,戶外,文德3號公園-遊戲場,內湖區,文德路50號至江南街71巷16弄.,121.58043,25.07792151,(02)26586601,,,,24小時,N,N,N,Y,N,N,,
220,戶外,潭美公園-遊戲場,內湖區,"新明路298巷起至成功路二段,潭美國小旁.",121.58189,25.05707,(02)26586601,,,,24小時,N,N,Y,Y,N,N,,
221,戶外,石潭公園-遊戲場,內湖區,成功路二段東側(麥帥公路兩側).,121.59231,25.06179,(02)26586601,,,,24小時,N,N,Y,Y,Y,N,,直飲台
222,戶外,碧湖公園-遊戲場,內湖區,"內湖路二段175號,國立台灣戲曲學院旁(防災公園).",121.58314,25.08267,(02)26586601,,,,24小時,N,N,Y,Y,Y,N,,直飲台
223,戶外,清白公園-遊戲場,內湖區,成功路四段167巷16號對面 (康寧國小旁),121.59452,25.0822,(02)26586601,,,,24小時,N,N,N,Y,N,N,,
224,戶外,下灣公園-遊戲場,內湖區,成功路二段189號旁.,121.59079,25.06683,(02)26586601,,,,24小時,N,N,N,Y,N,N,,
225,戶外,成功公園-遊戲場,內湖區,成功路四段旁223巷旁,121.59721,25.08428,(02)26586601,,,,24小時,N,N,N,Y,Y,N,,直飲台
226,戶外,瑞光公園-遊戲場,內湖區,瑞光路132巷旁.(六期重劃),121.5782222,25.07153452,(02)26586601,,,,24小時,N,N,N,Y,N,N,,
227,戶外,樂活公園-遊戲場,內湖區,康樂街61巷15弄旁.,121.61884,25.06828,(02)26586601,,,,24小時,N,N,N,Y,Y,N,,直飲台
228,戶外,明美公園-遊戲場,內湖區,南京東路六段北側(內湖五期重劃區).,121.58559,25.06272,(02)26586601,,,,24小時,N,N,Y,Y,N,N,,
229,戶外,上灣公園-遊戲場,內湖區,民權東路六段210巷43號旁.,121.59781,25.06581,(02)26586601,,,,24小時,N,N,N,Y,N,N,,
230,戶外,西安公園-遊戲場,內湖區,環山路一段106號旁(德明專商捐贈).,121.5677791,25.08743673,(02)26586601,,,,24小時,N,N,N,Y,N,N,,
231,戶外,西康公園-遊戲場,內湖區,內湖路一段225巷右側,121.5643864,25.08315456,(02)26586601,,,,24小時,N,N,N,Y,N,N,,
232,戶外,港華六號公園-遊戲場,內湖區,麗山街269巷1號前.,121.5747397,25.08424561,(02)26586601,,,,24小時,N,N,N,Y,N,N,,
233,戶外,港都公園-遊戲場,內湖區,港華街40號旁.,121.5752363,25.08277091,(02)26586601,,,,24小時,N,N,N,Y,N,N,,
234,戶外,港墘公園-遊戲場,內湖區,內湖路一段667巷9號,121.5764235,25.08086982,(02)26586601,,,,24小時,N,N,N,Y,N,N,,
235,戶外,瑞陽公園-遊戲場,內湖區,文德路22巷9弄間.,121.5793323,25.07758074,(02)26586601,,,,24小時,N,N,N,Y,N,N,,
236,戶外,文德二號公園-遊戲場,內湖區,文德路208巷加油站旁.,121.5837167,25.07692393,(02)26586601,,,,24小時,N,N,N,Y,N,N,,
237,戶外,金瑞公園-遊戲場,內湖區,金龍路213巷1弄旁.(原為金湖公園),121.58798,25.08798,(02)26586601,,,,24小時,N,N,N,Y,N,N,,
238,戶外,碧山公園-遊戲場,內湖區,內湖路三段60巷11號對面,121.61789,25.04502,(02)26586601,,,,24小時,N,N,N,Y,N,N,,
239,戶外,福壽公園-遊戲場,內湖區,星雲街150巷18號旁.,121.59661,25.0798,(02)26586601,,,,24小時,N,N,N,Y,N,N,,
240,戶外,新明公園-遊戲場,內湖區,新明路460巷內.,121.57866,25.05413,(02)26586601,,,,24小時,N,N,N,Y,N,N,,
241,戶外,湖聖公園-遊戲場,內湖區,成功路二段305巷11號旁.(四期重劃),121.59182,25.06981,(02)26586601,,,,24小時,N,N,N,Y,N,N,,
242,戶外,康寧公園-遊戲場,內湖區,康寧路三段56巷內(明湖國中後).,121.60975,25.06902,(02)26586601,,,,24小時,N,N,N,Y,N,N,,
243,戶外,樂康公園-遊戲場,內湖區,康樂街61巷73弄底.,121.62078,25.07009,(02)26586601,,,,24小時,N,N,N,Y,N,N,,
244,戶外,安康公園-遊戲場,內湖區,康寧路三段220號南湖高中旁.,121.6129894,25.06683007,(02)26586601,,,,24小時,N,N,N,Y,N,N,,
245,戶外,仙樹公園-遊戲場,內湖區,環山路一段59巷14弄旁.,121.5682569,25.08533485,(02)26586601,,,,24小時,N,N,Y,Y,N,N,,
246,戶外,港華一號公園-遊戲場,內湖區,環山路二段50巷底左側.,121.5735937,25.08776875,(02)26586601,,,,24小時,N,N,N,Y,N,N,,
247,戶外,湖山六號公園-遊戲場,內湖區,大湖街166巷大湖派出所後方.,121.60203,25.08303,(02)26586601,,,,24小時,N,N,N,Y,N,N,,
248,戶外,洲子二號公園-遊戲場,內湖區,"瑞光路498號對面,仁寶電子公司旁.(環保公園；仁寶捐贈、六期重劃)",121.5690017,25.07963432,(02)26586601,,,,24小時,N,N,N,Y,N,N,,
249,戶外,麗湖公園-遊戲場,內湖區,金湖路363巷67弄63號對面.(四期重劃),121.60052,25.07339,(02)26586601,,,,24小時,N,N,N,Y,N,N,,
250,戶外,行善公園-遊戲場,內湖區,新明路558號對面.(平均地權基金),121.57569,25.05321,(02)26586601,,,,24小時,N,N,N,Y,N,N,,
251,戶外,美善公園-遊戲場,內湖區,行善路59巷旁.(平均地權基金),121.57862,25.05706,(02)26586601,,,,24小時,N,N,N,Y,N,N,,
252,戶外,煙波庭公園-遊戲場,內湖區,大湖街131巷18弄61號對面.,121.59929,25.08634,(02)26586601,,,,24小時,N,N,Y,Y,N,N,,
253,戶外,九華公園-遊戲場,內湖區,內湖路1段91巷39弄35-1號.,121.5611934,25.08858005,(02)26586601,,,,24小時,N,N,N,Y,N,N,,
254,戶外,西康2號公園-遊戲場,內湖區,環山路一段28巷,121.5640005,25.08501394,(02)26586601,,,,24小時,N,N,N,Y,N,N,,
255,戶外,湖元公園-遊戲場,內湖區,民權東路六段120巷3弄1號對面.,121.5870426,25.06827857,(02)26586601,,,,24小時,N,N,N,Y,N,N,,
256,戶外,五分公園-遊戲場,內湖區,安康路448號對面.,121.61505,25.06728,(02)26586601,,,,24小時,N,N,N,Y,N,N,,
257,戶外,東湖一號公園-遊戲場,內湖區,康寧路三段189巷159弄旁.,121.61226,25.07562,(02)26586601,,,,24小時,N,N,N,Y,N,N,,
258,戶外,安泰公園-遊戲場,內湖區,安泰街45巷11弄旁.,121.61845,25.07407,(02)26586601,,,,24小時,N,N,N,Y,N,N,,
259,戶外,安湖三號公園-遊戲場,內湖區,東湖路113巷51號旁.,121.61564,25.0705,(02)26586601,,,,24小時,N,N,N,Y,N,N,,
260,戶外,東湖四號公園-遊戲場,內湖區,"康樂街110巷16弄20號,康樂派出所前.",121.61806,25.07051,(02)26586601,,,,24小時,N,N,N,Y,N,N,,
261,戶外,湖興公園-遊戲場,內湖區,成功路二段312巷旁.,121.5894703,25.0668819,(02)26586601,,,,24小時,N,N,N,Y,N,N,,
262,戶外,大華湖閱通道,內湖區,成功路二段317巷、317巷50弄口,121.591611,25.069972,(02)87913835,,,,24小時,N,N,N,N,N,N,,
263,戶外,成美右岸河濱公園兒童遊戲場沙坑(設有遮陽網),內湖區,成美橋右岸旁,121.582158,25.054246,(02)27126390,,,,24小時,N,N,Y,Y,N,N,,
264,戶外,內湖污水處理廠附設休閒運動公園-遊戲場,內湖區,舊宗路二段2號,121.5738,25.0676,(02)87919494,,,,24小時,N,Y,Y,Y,Y,Y,,
265,戶外,碧山露營場,內湖區,碧山路26-6號,121.579225,25.104315,(02)27598528,,,,"露營：每周二、三未開放
參觀：09:00-17:00
(每周三休園)",N,N,Y,Y,Y,N,,
266,室內,碧湖公園閱覽室,內湖區,內湖路二段175號,121.5829829,25.0831318,(02)26586601,,,,7:00-23:00,Y,Y,Y,Y,Y,Y,,直飲台
267,室內,內溝溪生態展示館,內湖區,康樂街236之3號,121.6228393,25.08733261,(02)26347851,,,,"09:00-17:00
(星期三休館)",Y,Y,Y,Y,Y,N,,
268,室內,西湖市場,內湖區,內湖路一段285號,121.56654,25.08267,(02)26580144,,,,"1樓：
7:00-13:00
2樓：
11:00-20:00 ",Y,Y,Y,Y,N,N,,
269,室內,內湖區行政中心,內湖區,民權東路六段99號4樓,121.5889687,25.06952722,(02)27925828,,,,"週一至週五8:30-17:30
(例假日及國定假日除外)",Y,Y,Y,Y,Y,N,,
270,室內,內湖公民會館,內湖區,內湖路二段342號,121.5895966,25.08195758,(02)87910048,,,,"週二至週日
8:30-17:30",N,Y,N,N,Y,N,,
272,室內,圖書館內湖分館,內湖區,民權東路六段99號6樓,121.5897117,25.06927802,(02)27918772,,,,"週日、週一:
9:00-17:00
週二~週六:
8:30-21:00",Y,Y,Y,Y,Y,Y,,國定假日、每月第一個星期四為休館日
273,室內,圖書館東湖分館,內湖區,五分街6號,121.6129748,25.0676384,(02)26323378,,,,"週日、週一:
9:00-17:00
週二~週六:
8:30-21:00",Y,Y,Y,Y,Y,N,,國定假日、每月第一個星期四為休館日
274,室內,圖書館西湖分館,內湖區,內湖路一段594號,121.57734,25.07895,(02)27973183,,,,"週日、週一:
9:00-17:00
週二~週六:
8:30-21:00",Y,Y,Y,Y,Y,N,,國定假日、每月第一個星期四為休館日
275,室內,圖書館西中分館,內湖區,內湖路一段285巷66號1-2樓,121.566725,25.08509094,(02)87515497,,,,"週日、週一:
9:00-17:00
週二~週六:
8:30-21:00",Y,Y,Y,Y,Y,N,,國定假日、每月第一個星期四為休館日
276,戶外,瑞光社會住宅公共空間,內湖區,陽光街321巷1號,121.579,25.07336,(02)25925116,,,,24小時,N,N,N,N,N,N,,
277,戶外,行善社會住宅公共空間,內湖區,行善路266號,121.5815,25.06071,(02)25925116,,,,24小時,N,N,N,N,N,N,,
278,戶外,舊宗社會住宅公共空間,內湖區,舊宗路一段185號,121.5783,25.06227,(02)25925116,,,,24小時,N,N,N,N,N,N,,
279,室內,內湖運動中心,內湖區,洲子街12號,121.58,25.08,(02)26562869,,,,6:00-22:00,Y,Y,Y,Y,Y,N,,
280,室內,臺北市網球中心,內湖區,民權東路六段208號,121.5969511,25.06758449,(02)27951166,,,,6:00-22:00,Y,Y,Y,Y,Y,N,製冰機,
281,室內,大湖公園游泳池,內湖區,成功路五段31號1樓,121.6038068,25.0827948,(02)87911698,,,,5:30-22:00,Y,Y,Y,Y,Y,N,製冰機,
282,戶外,清溪綠地公園,文山區,政大一街,121.580572,24.985165,(02)27839452,,,,24小時,N,N,N,Y,N,N,,
283,戶外,景美運動公園-遊戲場,文山區,景豐街80號,121.54421,25.002318,(02)27839452,,,,24小時,N,N,Y,Y,N,N,,直飲台
284,戶外,景美運動公園-遊戲場,文山區,景豐街80號旁,121.54445,25.00239,(02)27853819,,,,24小時,N,N,Y,Y,Y,N,,直飲台
285,戶外,萬芳10號公園-遊戲場,文山區,萬美街1段121號,121.56152,25.00214,(02)27853819,,,,24小時,N,N,N,Y,Y,N,,
286,戶外,椰城公園-遊戲場,文山區,和平東路四段101巷6弄旁,121.56868,25.00647,(02)27853819,,,,24小時,N,N,N,Y,N,N,,
287,戶外,景華公園-遊戲場,文山區,景興路與景華街交口,121.54368,24.99575,(02)27853819,,,,24小時,N,N,Y,Y,Y,N,,直飲台
288,戶外,景美公園-遊戲場,文山區,育英街45巷旁,121.53759,24.99421,(02)27853819,,,,24小時,N,N,N,Y,Y,N,,直飲台
289,戶外,木柵公園-遊戲場,文山區,興隆路四段46巷旁,121.55995,24.98713,(02)27853819,,,,24小時,N,N,Y,Y,Y,N,,直飲台
290,戶外,萬芳4號公園-遊戲場,文山區,"萬芳社區,萬和街與萬安街16巷交口",121.56858,25.00104,(02)27853819,,,,24小時,N,N,Y,Y,Y,N,,直飲台
291,戶外,萬壽2號公園-遊戲場,文山區,"萬壽路61巷旁,棲霞山莊旁",121.58977,24.98677,(02)27853819,,,,24小時,N,N,N,Y,N,N,,
292,戶外,興隆公園-遊戲場,文山區,興隆路二段154巷與仙岩路交口,121.55109,25.00017,(02)27853819,,,,24小時,N,N,Y,Y,Y,N,,直飲台
293,戶外,清溪綠地-遊戲場,文山區,指南路二段225巷旁,121.58055,24.98509,(02)27853819,,,,24小時,N,N,N,Y,N,N,,
294,戶外,興泰公園-遊戲場,文山區,辛亥路四段166巷內,121.55551,25.00515,(02)27853819,,,,24小時,N,N,N,Y,N,N,,
295,戶外,萬芳9號公園-遊戲場,文山區,萬芳社區萬美街與萬寧街交叉口,121.56148,25.00182,(02)27853819,,,,24小時,N,N,N,Y,N,N,,
296,室內,永安藝文館,文山區,臺北市文山區木新路2段156-1號,121.5689,24.9844,(02)29393088,,,,每週二–週日9:00–18:00,N,N,Y,Y,Y,N,,每週一及國定假日休館
297,室內,文山劇場,文山區,景文街32號,121.541,24.992,(02)29332199,,,,每週二–週日9:00–17:00,N,Y,Y,Y,Y,N,,每週一休館
298,室內,木柵市場,文山區,保儀路13巷3號,121.5694,24.98877,(02)29394052,,,,5:00-18:00,N,Y,Y,N,N,N,,
299,室內,木新市場,文山區,木新路三段310巷4號,121.55721,24.98155,(02)29376758,,,,7:00-18:00,N,Y,Y,N,N,N,,
300,室內,景美市場,文山區,景文街137號,121.54168,24.99144,,,,,"7:00-12:00、
17:00-00:00",N,Y,Y,N,N,N,,
301,室內,興隆市場,文山區,興隆路二段97號,121.54732,25.00016,(02)29349714,,,,7:00-17:00,N,Y,Y,N,N,N,,
302,室內,文山區行政中心,文山區,木柵路三段220號8樓,121.5701317,24.98963312,(02)29365522,,,,"週一至週五8:30-17:30
(例假日及國定假日除外)",Y,Y,Y,Y,Y,N,,
303,室內,文山公民會館,文山區,木柵路三段189號,121.5697284,24.98999207,(02)22346686,,,,"週一至週六9:00-12:00、
14:00-17:00",Y,Y,Y,Y,Y,N,,
304,室內,圖書館景美分館,文山區,羅斯福路五段176巷50號2-4樓,121.5364058,25.00387961,(02)29328457,,,,"週日、週一:
9:00-17:00
週二~週六:
8:30-21:00",Y,Y,Y,Y,Y,N,,國定假日、每月第一個星期四為休館日
305,室內,圖書館木柵分館,文山區,保儀路13巷3號3-4樓,121.56919,24.98868,(02)29397520,,,,"週日、週一:
9:00-17:00
週二~週六:
8:30-21:00",Y,Y,Y,Y,Y,N,,國定假日、每月第一個星期四為休館日
306,室內,圖書館萬興分館,文山區,萬壽路27號4樓,121.5770374,24.98899616,(02)22345501,,,,"週日、週一:
9:00-17:00
週二~週六:
8:30-21:00",Y,Y,Y,Y,Y,Y,,國定假日、每月第一個星期四為休館日
307,室內,圖書館文山分館,文山區,興隆路二段160號7-9樓,121.5514207,25.00161527,(02)29315339,,,,"週日、週一:
9:00-17:00
週二~週六:
8:30-21:00",Y,Y,Y,Y,Y,Y,,國定假日、每月第一個星期四為休館日
308,室內,圖書館力行分館,文山區,一壽街22號5-8樓,121.55637,24.97967,(02)86612196,,,,"週日、週一:
9:00-17:00
週二~週六:
8:30-21:00",Y,Y,Y,Y,Y,N,,國定假日、每月第一個星期四為休館日
309,室內,圖書館景新分館,文山區,景後街151號5-10樓,121.54191,24.98994,(02)29331244,,,,"週日、週一:
9:00-17:00
週二~週六:
8:30-21:00",Y,Y,Y,Y,Y,N,,國定假日、每月第一個星期四為休館日
310,室內,安康民眾閱覽室,文山區,興隆路4段105巷1號 4樓,121.56052,24.98775,(02)29390180,,,,"週日、週一:
9:00-17:00
週二~週六:
8:30-21:00",Y,Y,Y,Y,Y,N,,國定假日、每月第一個星期四為休館日
311,室內,萬芳民眾閱覽室,文山區,萬美街一段25號1-2樓,121.5693279,25.00238106,(02)22305287,,,,"週日、週一:
9:00-17:00
週二~週六:
8:30-21:00",Y,Y,Y,Y,Y,Y,,國定假日、每月第一個星期四為休館日
312,室內,臺北市鐵觀音包種茶研發推廣中心,文山區,指南路三段40巷8-2號,121.5943,24.9691,(02)22340568,,,,"周二至周日9:00-17:00
(春節除夕、初一公休)","Y
(部分區域)","Y
(部分區域)",Y,"Y
(部分區域)",Y,N,,
313,戶外,興隆D1區社會住宅公共空間,文山區,木柵路二段2巷12號,121.5578,24.98836,(02)25925116,,,,24小時,N,N,N,N,N,N,,
314,戶外,興隆D2區社會住宅公共空間,文山區,興隆路四段105巷45號,121.5628,24.98833,(02)25925116,,,,24小時,N,N,N,N,N,N,,
315,戶外,木柵社會住宅公共空間,文山區,久康街24巷36號,121.5664,24.98933,(02)25925116,,,,24小時,N,N,N,N,N,N,,
316,戶外,和興水岸社會住宅公共空間,文山區,和興路88號,121.5491,24.98477,(02)25925116,,,,24小時,N,N,N,N,N,N,,
317,室內,文山區健康服務中心1F服務台,文山區,木柵路三段220號1樓,121.570088,24.98974695,(02)22343501,,,,8:30-17:30,Y,Y,Y,Y,Y,N,,
318,室內,文山運動中心,文山區,興隆路三段222號,121.5594978,24.99713106,(02)22308268,,,,6:00-22:00,Y,Y,Y,Y,Y,N,,
319,室內,景美游泳池,文山區,羅斯福路五段176巷50號,121.5363148,25.00400407,(02)29353602,,,,"5月1日至9月30日：6:00-21:30
、10月1日至4月30日(週六、週日及國定假日不開放)：14:00-22:00",Y,Y,Y,Y,Y,N,,
320,戶外,線形公園16號(北投),北投區,磺溪北-明德站南段(界線：文林北路94巷-明德路),121.5195498,25.10865277,(02)28805456,,,,24小時,N,N,N,Y,N,N,高架橋下，設有兒童遊戲場及體健設施,
321,戶外,線形公園17號(北投),北投區,捷運明德站北-石牌站南段(界線：致遠一路1段46巷-東陽街),121.5175444,25.11161367,(02)28805456,,,,24小時,N,N,N,Y,N,N,高架橋下，設有兒童遊戲場及體健設施,
322,戶外,線形公園19號(北投),北投區,捷運石牌站北-唭哩岸站南段(界線：石牌路-致遠二路),121.5140092,25.11685775,(02)28805456,,,,24小時,N,N,N,Y,N,N,高架橋下，設有兒童遊戲場及體健設施,
323,戶外,線形公園22號(北投),北投區,捷運石牌站北-唭哩岸站南段(界線：致遠三路-立農街1段385巷),121.5084766,25.1204104,(02)28805456,,,,24小時,N,N,N,Y,N,N,高架橋下，設有兒童遊戲場及體健設施,
324,戶外,線形公園25號(北投),北投區,捷運唭哩岸站北-磺港溪南段(界線：公館路-磺港溪)  ,121.5025044,25.1221073,(02)28805456,,,,24小時,N,N,N,Y,Y,N,高架橋下，設有兒童遊戲場及體健設施,直飲台
325,戶外,線形公園 奇岩-北投,北投區,中央南路-大興街,121.500199,25.129687,(02)28832130,,,,24小時,N,N,N,Y,N,N,高架橋下,
326,戶外,線形公園 北投-新北投,北投區,豐年路-中央北路,121.4974,25.13568257,(02)28832130,,,,24小時,N,N,N,Y,N,N,高架橋下,
327,戶外,線形公園 北投-復興崗,北投區,中央北路二段257巷口,121.490648,25.137387,(02)28832130,,,,24小時,N,N,N,Y,N,N,高架橋下,
328,戶外,線形公園 復興崗-忠義-關渡,北投區,中央北路三段118巷口-四段404巷口,121.4828749,25.13690217,(02)28832130,,,,24小時,N,N,N,Y,N,N,高架橋下,
329,戶外,線形公園 大業路527巷,北投區,大業路527巷,121.486129,25.135198,(02)28832130,,,,24小時,N,N,N,Y,N,N,高架橋下,
330,戶外,北投公園,北投區,光明路及中山路旁,121.50623,25.13637,(02)28977682,,,,8:00-21:00,Y,Y,Y,Y,Y,Y,,直飲台
331,戶外,榮富公園-遊戲場,北投區,榮華三路及榮華一路交叉口,121.52468,25.11473,(02)28832130,,,,24小時,N,N,Y,Y,N,N,,
332,戶外,陽明公園,北投區,湖山路二段26號,121.5400938,25.1592908,(02)28616361,,,,24小時,N,N,Y,Y,N,N,,
333,戶外,前山1號公園,北投區,建國街4號,121.548643,25.15085007,(02)28616361,,,,24小時,N,N,Y,Y,Y,N,,直飲台
334,戶外,前山2號公園,北投區,建國街7-1號,25.15033,121.548324,(02)28616361,,,,24小時,N,N,N,Y,N,N,公園內設有男公共浴室(am05:30~18:00)、女公共浴室(06:00~18:30),
335,戶外,前山4公園公園,北投區,陽明山湖山路、勝利街交口,25.152155,121.546641,(02)28616361,,,,24小時,N,N,Y,Y,N,N,,
336,戶外,榮富公園,北投區,榮華三路及磺溪旁(過天母橋),121.5247269,25.1142292,(02)28832130,,,,24小時,N,N,N,Y,Y,N,,直飲台
337,戶外,榮華公園,北投區,明德路150巷22號對面,121.5219879,25.11054993,(02)28832130,,,,24小時,N,N,N,Y,Y,N,,直飲台
338,戶外,石牌公園,北投區,石牌路一段39巷及石牌路一段39巷120弄交叉口,121.5103607,25.11635971,(02)28832130,,,,24小時,N,N,Y,Y,Y,N,,直飲台
339,戶外,立農公園,北投區,"承德路七段,吉利街交叉口",121.5035095,25.11878967,(02)28832130,,,,24小時,N,N,Y,Y,Y,N,,直飲台
340,戶外,軟橋公園,北投區,文林北路53巷內,121.517613,25.103102,(02)28832130,,,,24小時,N,N,N,Y,N,N,,
341,戶外,福星公園,北投區,承德路6段、文林北路交口,121.512431,25.108836,(02)28832130,,,,24小時,N,N,N,Y,N,N,,
342,戶外,復興公園,北投區,珠海路、中和街、復興一路所圍範圍,121.5032272,25.1396904,(02)28832130,,,,24小時,N,N,Y,Y,Y,N,,直飲台
343,戶外,七虎公園,北投區,育仁路106號,121.5020599,25.13649941,(02)28832130,,,,24小時,N,N,N,Y,Y,N,,直飲台
344,戶外,七星公園,北投區,七星街旁,121.5030212,25.13661957,(02)28832130,,,,24小時,N,N,Y,Y,N,N,公園內設有手湯(星川亭),
345,戶外,北投公園(三),北投區,中山路5一7號附近,121.5047302,25.13656044,(02)28832130,,,,24小時,N,N,N,Y,N,N,,
346,戶外,磺港公園,北投區,"磺港路, 大興路交叉口",121.5040665,25.13067055,(02)28832130,,,,24小時,N,N,N,Y,Y,N,,直飲台
347,戶外,承德吉利人行天橋,北投區,承德路七段、吉利街口,121.503347,25.117916,(02)87913835,,,,24小時,N,N,N,N,N,N,,
348,戶外,貴子坑水土保持教學園區,北投區,秀山路161號,121.4937104,25.15184766,(02)28932824,,,,24小時,N,N,Y,Y,Y,N,,
349,室內,陽明公園服務中心,北投區,湖山路二段26號,121.5400938,25.1592908,(02)28616361,,,,8:00-17:00,Y,Y,Y,Y,Y,N,,飲水機
350,室內,北投中心新村,北投區,新民路22巷9號,121.5074483,25.13911805,(02)28910804,,,,每週二–週日，10:00–18:00,Y,Y,Y,Y,Y,N,,每週一休館
351,室內,北投中繼市場,北投區,磺港路33號,121.50374,25.13396,(02)28945380,,,,5:00-17:00,N,Y,Y,Y,N,N,,
352,室內,北投區行政中心,北投區,立功街9號11樓,121.468858,25.124538,(02)28912105,,,,"週一至週五8:30-17:30
(例假日及國定假日除外)",Y,Y,Y,Y,Y,N,,9月1日起對外開放
353,室內,北投公民會館,北投區,中山路5-7號,121.5101,25.13793,(02)28974760,,,,週二至週日9:00-17:00；週一休館,Y,Y,Y,Y,Y,N,,
354,室內,凱達格蘭文化館,北投區,中山路3-1號,121.505768,25.137134,(02)28986500,,,,周二~周日9:00-17:00,Y,Y,Y,Y,Y,Y,,
355,室內,圖書館北投分館,北投區,光明路251號,25.13641,121.50641,(02)28977682,,,,"週日、週一:
9:00-17:00
週二~週六:
8:30-21:00",Y,Y,Y,Y,Y,Y,,國定假日、每月第一個星期四為休館日
356,室內,圖書館稻香分館,北投區,稻香路81號7-9樓,121.489325,25.140935,(02)28940662,,,,"週日、週一:
9:00-17:00
週二~週六:
8:30-21:00",Y,Y,Y,Y,Y,Y,,國定假日、每月第一個星期四為休館日
357,室內,圖書館石牌分館,北投區,明德路208巷5號3-10樓,121.5226165,25.11330255,(02)28239634,,,,"週日、週一:
9:00-17:00
週二~週六:
8:30-21:00",Y,Y,Y,Y,Y,Y,,國定假日、每月第一個星期四為休館日
358,室內,圖書館清江分館,北投區,公館路198號3樓,121.5069052,25.12759077,(02)28960315,,,,"週日、週一:
9:00-17:00
週二~週六:
8:30-21:00",Y,Y,Y,Y,Y, ,位處空曠地帶，附近有4座大型公園及1座水池,國定假日、每月第一個星期四為休館日
359,室內,圖書館吉利分館,北投區,立農街一段366號5-8樓,121.508434,25.119252,(02)28201633,,,,"週日、週一:
9:00-17:00
週二~週六:
8:30-21:00",Y,Y,Y,Y,Y,Y,,國定假日、每月第一個星期四為休館日
360,室內,永明民眾閱覽室,北投區,石牌路2段115號7-8樓,121.51751,25.11837,(02)228234141,,,,"週日、週一:
9:00-17:00
週二~週六:
8:30-21:00",Y,Y,Y,Y,Y,Y,,國定假日、每月第一個星期四為休館日
361,室內,秀山民眾閱覽室,北投區,中和街534號5-9樓,121.493174,25.145579,(02)28921475,,,,"週日、週一:
9:00-17:00
週二~週六:
8:30-21:00",Y,Y,Y,Y,Y,N,,國定假日、每月第一個星期四為休館日
362,戶外,泉源公園溫泉泡腳池園區,北投區,臺北市北投區珠海路155號(義方國小)正對面,121.5095499,25.14172788,,,0916872265,,暫停開放,N,N,Y,Y,暫停開放,N,,溫泉泡腳池園區內
363,戶外,復興公園溫泉泡腳池園區,北投區,臺北市北投區中和街61號對面,121.5022097,25.13873576,,,0916872265,,8:00-20:00,N,N,N,Y,Y,N,可泡溫泉,溫泉泡腳池園區內
364,戶外,硫磺谷溫泉泡腳池園區,北投區,臺北市北投區泉源路77號斜對面，陽明山國家公園硫磺谷遊憩區內,121.5219435,25.14354903,,,0916517613,,8:00-20:00,N,N,Y,Y,Y,N,可泡溫泉,溫泉泡腳池園區內
365,戶外,新奇岩社會住宅公共空間,北投區,磺港路271號,121.5034,25.12317,(02)25925116,,,,24小時,N,N,N,N,N,N,,
366,室內,北投運動中心,北投區,石牌路1段39巷100號,121.5098209,25.11666582,(02)28202880,,,,6:00-22:00,Y,Y,Y,Y,Y,N,製冰機,
367,戶外,民權公園,松山區,民權東路四段180號,121.559187,25.061651,(02)25850192,,,,24小時,N,N,N,Y,Y,N,,
368,戶外,民權公園-遊戲場,松山區,富錦街359巷2弄，民權國小旁,121.5574804,25.06132299,(02)25850192,,,,24小時,N,N,N,Y,Y,N,,直飲台
369,戶外,三民公園-遊戲場,松山區,三民路，撫遠街298號,121.5671566,25.06149665,(02)25850192,,,,24小時,N,N,N,Y,Y,N,,直飲台
370,戶外,富民公園-遊戲場,松山區,新東街41之7號,121.5636831,25.05999297,(02)25850192,,,,24小時,N,N,N,Y,Y,N,,直飲台
371,戶外,民生公園-遊戲場,松山區,民生東路五段36巷4弄與8弄間,121.5581954,25.05698082,(02)25850192,,,,24小時,N,N,N,Y,Y,N,,直飲台
372,戶外,松基公園-遊戲場,松山區,興安街174巷旁,121.545097,25.05520308,(02)25850192,,,,24小時,N,N,N,Y,N,N,,
373,戶外,富錦一號公園-遊戲場,松山區,民生東路5段85號旁,121.55898,25.05904,(02)25850192,,,,24小時,N,N,N,Y,N,N,,
374,戶外,富錦三號公園-遊戲場,松山區,民生東路5段69巷4弄11號旁,121.55891,25.06032,(02)25850192,,,,24小時,N,N,N,Y,N,N,,
375,戶外,新中公園-遊戲場,松山區,新中街與富錦街口,121.56075,25.06057,(02)25850192,,,,24小時,N,N,N,Y,N,N,,
376,戶外,婦聯公園-遊戲場,松山區,延壽街330巷20弄,121.55962,25.0548,(02)25850192,,,,24小時,N,N,N,Y,N,N,,
377,戶外,撫遠公園-遊戲場,松山區,撫遠街367巷至389巷底,121.56714,25.06482,(02)25850192,,,,24小時,N,N,N,Y,N,N,,
378,戶外,西松公園-遊戲場,松山區,三民路、健康路口,121.56408,25.05382,(02)25850192,,,,24小時,N,N,N,Y,Y,N,,直飲台
379,戶外,吉祥公園-遊戲場,松山區,八德路4段245巷52弄至56弄間,121.56418,25.05065,(02)25850192,,,,24小時,N,N,N,Y,N,N,,
380,戶外,觀山河濱公園沙坑(設有遮陽網),松山區,基六號(塔悠)疏散門,121.569283,25.066647,(02)27126390,,,,24小時,N,N,Y,Y,N,N,,
381,室內,藝文大樓 一到二樓展覽空間,松山區,臺北市松山區八德路3段25號,121.551805,25.04846063,(02)24558981,,,,每週二–週日，9:00–21:00,N,Y,Y,Y,Y,N,,每週一休館
382,室內,北水處東區營業分處服務台,松山區,光復北路266號,121.554703,25.059177,(02)87703389,,,,8:30-17:30,N,Y,Y,Y,Y,N,,
383,室內,中崙市場,松山區,八德路三段76號,121.55272,25.04794,(02)25773545,,,,"1樓：
6:00-12:30                                                                              
2樓：
10:00-22:30",Y,Y,Y,Y,N,N,,
384,室內,松山市場,松山區,八德路四段679號,121.57614,25.05039,(02)27602776,,,,7:00-12:00,Y,N,Y,N,N,N,,
385,室內,南松市場,松山區,塔悠路40號,121.57092,25.05102,(02)27493708,,,,6:00-17:00,Y,N,Y,N,N,N,,
386,室內,龍城市場,松山區,光復北路190巷39號,121.55413,25.05493,(02)25460702,,,,7:00-14:00,N,Y,Y,N,N,N,,
387,室內,松山區行政中心,松山區,八德路四段692號7樓,121.5773182,25.04986402,(02)87878787,,,,"週一至週五8:30-17:30
(例假日及國定假日除外)",Y,Y,Y,Y,Y,N,,
388,室內,臺北小巨蛋商店街,松山區,南京東路四段2號,121.55016,25.050851,(02)25783536,,,,5:00-22:00,N,Y,Y,Y,Y,N,提供便利商店及餐飲服務。,
389,室內,圖書館民生分館,松山區,敦化北路199巷5號4樓,121.55158,25.05725,(02)27138083,,,,"週日、週一:
9:00-17:00
週二~週六:
8:30-21:00",Y,Y,Y,Y,Y,N,,國定假日、每月第一個星期四為休館日
390,室內,圖書館三民分館,松山區,民生東路五段163-1號5-6樓,121.56278,25.05969,(02)27600408,,,,"週日、週一:
9:00-17:00
週二~週六:
8:30-21:00",Y,Y,Y,Y,Y,N,,國定假日、每月第一個星期四為休館日
391,室內,圖書館中崙分館,松山區,長安東路2段229號7-10樓,121.5458956,25.0485317,(02)87736858,,,,"週日、週一:
9:00-17:00
週二~週六:
8:30-21:00",N,Y,Y,Y,Y,N,,國定假日、每月第一個星期四為休館日
392,室內,圖書館啟明分館,松山區,敦化北路155巷76號,121.551527,25.0548557,(02)25148443,,,,9：00-17：00,N,Y,Y,Y,Y,N,,國定假日、每月第一個星期四為休館日
393,室內,松山機場智慧圖書館,松山區,敦化北路338號地下1樓,121.551881,25.0633882,(02)27138083,,,,6:00-0:00,N,Y,N,Y,N,N,,依捷運站開放
394,戶外,健康社會住宅公共空間,松山區,健康路285號,121.564,25.05436,(02)25925116,,,,24小時,N,N,N,N,N,N,,
395,室內,松山運動中心,松山區,敦化北路1號,121.5503847,25.04857922,(02)77555058,,,,6:00-22:00,Y,Y,Y,Y,Y,N,,
396,室內,臺北網球場,松山區,南京東路四段6號1樓,121.551503,25.05158915,(02)25795349,,,,6:00-22:00,Y,Y,Y,Y,Y,N,,
397,戶外,三民公園游泳池,松山區,撫遠街298號,121.587137,25.064236,(02)87876527,,,,5:30-21:30,Y,Y,Y,Y,Y,N,,
398,室內,臺北體育館,松山區,南京東路四段10號,121.5519896,25.05135877,(02)25702330,,,,8:00-22:00,N,Y,Y,Y,Y,Y,,
399,戶外,永春崗公園,信義區,松山路656巷2號旁,121.57765,25.03148,(02)27853819,,,,24小時,N,N,Y,Y,Y,N,,直飲台
400,戶外,永春崗公園-遊戲場,信義區,松山路656巷2號旁,121.57119,25.03159,(02)27853819,,,,24小時,N,N,Y,Y,Y,N,,直飲台
401,戶外,松德公園-遊戲場,信義區,松德路180巷8之1號對面,121.57313,25.03568,(02)27853819,,,,24小時,N,N,N,Y,Y,N,,直飲台
402,戶外,松德公園-遊戲場,信義區,"松德路180巷,興雅國中西側",121.57321,25.03561,(02)27853819,,,,24小時,N,N,N,Y,N,N,,
403,戶外,象山公園-遊戲場,信義區,信義路五段150巷,121.57008,25.03031,(02)27853819,,,,24小時,N,N,Y,Y,Y,N,,直飲台
404,戶外,眷村文化公園-遊戲場,信義區,"松勤路與莊敬路交口,信義國小西側",121.56249,25.03017,(02)27853819,,,,24小時,N,N,N,Y,N,N,,
405,戶外,富台公園-遊戲場,信義區,"松信路,虎林街120巷交叉口",121.57225,25.04209,(02)27853819,,,,24小時,N,N,N,Y,N,N,,
406,戶外,景勤1號公園-遊戲場,信義區,吳興街220巷59弄,121.56191,25.02687,(02)27853819,,,,24小時,N,N,Y,Y,Y,N,,直飲台
407,戶外,景勤2號公園-遊戲場,信義區,嘉興街181巷21號對面,121.55852,25.02657,(02)27853819,,,,24小時,N,N,N,Y,N,N,,
408,戶外,A3A4連通空橋,信義區,國泰置地廣場A3~新光三越A4館連通橋,121.567083,25.040139,(02)87913835,,,,24小時,N,N,N,N,N,N,,
409,戶外,A4A5連通空橋,信義區,新光三越A4館~貴婦百貨A5購物中心,121.567111,25.039528,(02)87913835,,,,24小時,N,N,N,N,N,N,,
410,戶外,新光松高空橋,信義區,新光三越A8~A4館跨松高路連通橋,121.567056,25.039083,(02)87913835,,,,24小時,N,N,N,N,N,N,,
411,戶外,A8A9連通空橋,信義區,新光三越A8館~A9館連通橋(二、三層),121.567,25.037611,(02)87913835,,,,24小時,N,N,N,N,N,N,,
412,戶外,A10連通空橋,信義區,信義區A10富邦人壽大樓,121.567167,25.037528,(02)87913835,,,,24小時,N,N,N,N,N,N,,
413,戶外,A9A11連通空橋,信義區,新光三越A9館~A11館連通橋(二、三層),121.566972,25.037111,(02)87913835,,,,24小時,N,N,N,N,N,N,,
414,戶外,A12松仁連通空橋,信義區,A12跨松仁路~國泰金融大樓連通橋,121.568306,25.037806,(02)87913835,,,,24小時,N,N,N,N,N,N,,
415,戶外,A13連通空橋,信義區,遠東百貨A13、寒舍艾美酒店連通橋(二、三層),121.568028,25.037444,(02)87913835,,,,24小時,N,N,N,N,N,N,,
416,戶外,A9A11連通空橋,信義區,松壽路9號、11號(三層),121.566944,25.036194,(02)87913835,,,,24小時,N,N,N,N,N,N,,
417,戶外,新光威秀空橋,信義區,華納影城A17~新光三越A9連通橋,121.567028,25.035833,(02)87913835,,,,24小時,N,N,N,N,N,N,,
418,戶外,A16A17連通空橋,信義區,華納威秀影城A16~17館,121.566889,25.0355,(02)87913835,,,,24小時,N,N,N,N,N,N,,
419,戶外,微風南山(東)空橋,信義區,微風南山東側跨越松壽路20巷,121.567444,25.03475,(02)87913835,,,,24小時,N,N,N,N,N,N,,
420,戶外,華納紐約空橋,信義區,松壽路12號ATT 4FUN信義店~松壽路18號威秀影城連通橋,121.566389,25.035056,(02)87913835,,,,24小時,N,N,N,N,N,N,,
421,戶外,微風南山(北)空橋,信義區,微風南山北側~華納威秀影城A16館跨越人行步道區,121.566417,25.034778,(02)87913835,,,,24小時,N,N,N,N,N,N,,
422,戶外,微風南山(西)空橋,信義區,微風南山西側~ATT 4fun跨越松智路,121.565806,25.03475,(02)87913835,,,,24小時,N,N,N,N,N,N,,
423,戶外,金融紐約空橋,信義區,臺北國際金融中心~微風南山廣場,121.565444,25.034583,(02)87913835,,,,24小時,N,N,N,N,N,N,,
424,戶外,金融君悅空橋,信義區,臺北國際金融中心~世貿展覽館一館(市府路A2號橋),121.563556,25.034556,(02)87913835,,,,24小時,N,N,N,N,N,N,,
425,戶外,金融世貿空橋,信義區,臺北國際金融中心~世貿展覽館一館(市府路A1號橋),121.563361,25.033722,(02)87913835,,,,24小時,N,N,N,N,N,N,,
426,戶外,松山高中人行天橋,信義區,基隆路一段、松隆路口,121.565944,25.043917,(02)87913835,,,,24小時,N,N,N,N,N,N,,
427,室內,臺北市市政大樓1樓北區廊道,信義區,信義區市府路1號,121.5646,25.0375,(02)27258617,,,,"8:00-19:00
(假日不開放﹚",N,Y,Y,N,Y,N,,
428,室內,臺北市市政大樓1樓中庭週邊空間(含充電區),信義區,信義區市府路1號,121.5646,25.0375,(02)27258617,,,,8:00-19:00,N,Y,Y,Y,Y,N,,
429,室內,臺北市市政大樓2樓親子劇場前休息區、低層棟南北通廊,信義區,信義區市府路1號,121.5646,25.0375,(02)27258617,,,,8:00-19:00,N,Y,Y,Y,Y,N,,
430,室內,臺北市市政大樓B2萊爾富便利超商前用餐區,信義區,信義區市府路1號,121.5646,25.0375,(02)27258617,,,,"8:00-19:00
(假日不開放﹚",N,Y,Y,Y,Y,N,,
431,室內,松山文創園區製菸工廠、倉庫、辦公廳舍,信義區,光復南路133號,25.043981,121.561333,(02)27651388,,,,依各展覽公告時間為主,N,Y,Y,Y,Y,N,,建築物開放時間8:00~22:00
432,室內,永吉市場,信義區,永吉路278巷1弄30號,121.57624,25.04501,(02)27582836,,,,6:00-12:00,Y,N,Y,N,N,N,,
433,室內,永春市場,信義區,松山路294號,121.57791,25.04321,(02)27695123,,,,7:00-18:00,Y,Y,Y,N,N,N,,
434,室內,光復市場,信義區,仁愛路四段496巷19號,121.56086,25.03654,(02)27586054,,,,6:00-12:00,N,Y,Y,N,N,N,,
435,室內,信義區行政中心,信義區,福德街86號9樓,121.58197,25.037222,(02)27239777,,,,"週一至週五8:30-17:30
(例假日及國定假日除外)",Y,Y,Y,Y,Y,N,,
436,室內,信義公民會館,信義區,松勤街50號,121.563304,25.033425,(02)27237937,,,,"週二至週日9:00-17:00
(週一及國定假日休館)", ,Y,Y,Y,Y, ,,
437,室內,圖書館永春分館,信義區,松山路294號3-4樓,121.5774339,25.04405543,(02)27609730,,,,"週日、週一:
9:00-17:00
週二~週六:
8:30-21:00",Y,Y,Y,Y,Y,N,,國定假日、每月第一個星期四為休館日
438,室內,圖書館三興分館,信義區,吳興街156巷6號4-5樓,25.02919,121.56111,(02)87321063,,,,"週日、週一:
9:00-17:00
週二~週六:
8:30-21:00",Y,Y,Y,Y,Y,Y,,國定假日、每月第一個星期四為休館日
439,室內,圖書館六合分館,信義區,松仁路240巷19號3-5樓,121.5687998,25.02448425,(02)27292485,,,,"週日、週一:
9:00-17:00
週二~週六:
8:30-21:00",Y,Y,Y,Y,Y,Y,,國定假日、每月第一個星期四為休館日
440,室內,圖書館廣慈分館,信義區,信義區福德街86號3-4樓,121.582304,25.037883,(02)27277872,,,,"週日、週一:
9:00-17:00
週二~週六:
8:30-21:00",N,Y,Y,Y,Y,Y,地下室為廣慈信義行政中心停車場，有汽機車位，另有身心障礙專用車位與婦幼車位,國定假日、每月第一個星期四為休館日
441,戶外,廣慈社會住宅1區公共空間,信義區,大道路108號,121.5824,25.03944,(02)25925116,,,,24小時,N,N,N,N,N,N,,
442,戶外,廣慈社會住宅2區公共空間,信義區,福德街84巷50號,121.5814,25.03891,(02)25925116,,,,24小時,N,N,N,N,N,N,,
443,戶外,廣慈社會住宅3區公共空間,信義區,福德街84巷30號,121.5817,25.03848,(02)25925116,,,,24小時,N,N,N,N,N,N,,
444,室內,健康暨體適能便利站專區,信義區,褔德街86號11樓,121.5821623,25.03799323,(02)27234598,,,,8:30-17:30,Y,Y,Y,Y,Y,N,檢測及?教專區,
445,室內,聯合醫院信義門診部,信義區,大道路116號,121.582995,25.038746,(02)87804152,,,,8:30-16:30,N,Y,Y,Y,Y,Y,,"星期六
am08:30~
am11:30"
446,室內,信義運動中心,信義區,松勤街100號,121.5674225,25.03181513,(02)87861911,,,,6:00-22:00,Y,Y,Y,Y,Y,Y,,
447,室內,永春活力館,信義區,松山路342巷13號1樓,121.5777849,25.041512,(02)27565819,,,,9:00-21:00,N,Y,Y,N,Y,N,,
448,戶外,南港公園,南港區,東新街170之1號,121.59212,25.04566,(02)27853819,,,,24小時,N,N,Y,Y,Y,N,,直飲台
449,戶外,南港公園-遊戲場,南港區,東新街170-1號,121.59212,25.04566,(02)27853819,,,,24小時,N,N,Y,Y,Y,N,,直飲台
450,戶外,中研公園-遊戲場,南港區,研究路2段12巷58弄,121.61306,25.04669,(02)27853819,,,,24小時,N,N,Y,Y,Y,N,,直飲台
451,戶外,中研公園-遊戲場,南港區,研究院路二段12巷58弄,121.61306,25.04669,(02)27853819,,,,24小時,N,N,Y,Y,Y,N,,直飲台
452,戶外,新新公園-遊戲場,南港區,南港路三段109巷南側,121.589953,25.051372,(02)27853819,,,,24小時,N,N,Y,Y,Y,N,,直飲台
453,戶外,玉成公園-遊戲場,南港區,中坡南路55號,121.58577,25.04276,(02)27853819,,,,24小時,N,N,Y,Y,Y,N,公園內設有戲水設施(水拱環、水道、島礁),直飲台
454,戶外,聯成公園-遊戲場,南港區,忠孝東路六段250巷1弄,121.58869,25.04836,(02)27853819,,,,24小時,N,N,N,Y,N,N,,
455,戶外,東坡公園-遊戲場,南港區,東新街170巷5號後側,121.59731,25.04515,(02)27853819,,,,24小時,N,N,N,Y,N,N,,
456,戶外,萬福公園-遊戲場,南港區,忠孝東路六段70巷10號對面,121.58445,25.04627,(02)27853819,,,,24小時,N,N,N,Y,N,N,,
457,戶外,百福公園-遊戲場,南港區,福德街309巷19號對面,121.58803,25.03881,(02)27853819,,,,24小時,N,N,N,Y,N,N,,
458,戶外,新勝公園-遊戲場,南港區,昆陽街152巷33號,121.59317,25.04885,(02)27853819,,,,24小時,N,N,N,Y,N,N,,
459,戶外,合樂公園-遊戲場,南港區,玉成街,121.58169,25.04854,(02)27853819,,,,24小時,N,N,N,Y,N,N,,
460,戶外,三重世貿公園-遊戲場,南港區,經貿二路106巷,121.61559,25.05806,(02)27853819,,,,24小時,N,N,N,Y,N,N,,
461,戶外,中信園區AC空橋,南港區,中信園區A棟~C棟2樓空橋,121.615472,25.058333,(02)87913835,,,,24小時,N,N,N,N,N,N,,
462,戶外,中信園區(南)空橋,南港區,中國信託園區往南跨越經貿二路106巷、88巷,121.615437,25.058181,(02)87913835,,,,24小時,N,N,N,N,N,N,,
463,戶外,中信園區(北)空橋,南港區,中國信託園區往北跨越經貿二路,121.615345,25.059897,(02)87913835,,,,24小時,N,N,N,N,N,N,,
464,戶外,中信園區AB空橋,南港區,中信園區A棟~B棟3樓空橋,121.615583,25.059361,(02)87913835,,,,24小時,N,N,N,N,N,N,,
465,戶外,南港機廠橋,南港區,台灣人壽商辦大樓與捷運內湖機廠連通天橋(跨越經貿一路),121.618917,25.059889,(02)87913835,,,,24小時,N,N,N,N,N,N,,
466,戶外,南港立體連通平台,南港區,忠孝東路七段265巷(跨市民大道八段),121.603276,25.052258,(02)87913835,,,,24小時,N,N,N,N,N,N,,
467,戶外,南港立體連通平台附屬綠化設施(南港綠廊),南港區,臺北市南港區市民大道八段,121.602268,25.052188,(02)87913835,,,,24小時,N,N,Y,Y,N,N,,
468,室內,臺北流行音樂中心文化館,南港區,忠孝東路七段99號,25.598,121.6,(02)27886620,,,,每週二–週日，10:00-18:00,N,Y,Y,Y,Y,N,,週一休館
469,室內,中研市場,南港區,研究院路二段70巷12號,121.61492,25.04577,(02)27823222,,,,6:00-13:00,N,Y,Y,N,Y,N,,
470,室內,成德市場,南港區,同德路100號1樓,121.58687,25.04634,(02)27852884,,,,6:00-14:00,Y,Y,Y,N,N,N,,
471,室內,南港區行政中心,南港區,南港路一段360號2樓、8樓,121.60673,25.05469,(02)27831343,,,,"週一至週五8:30-17:30
(例假日及國定假日除外)",Y,Y,Y,Y,Y,N,,
472,室內,北原會館1樓交誼廳,南港區,向陽路49號,121.59448,25.05397,(02)27828740,,,,"周一~周五9:00-21:00
週六日
9:00-17:00",Y,Y,Y,Y,Y,N,,
473,室內,圖書館南港分館,南港區,南港路一段350號1-3樓,121.6080457,25.05512113,(02)27825232,,,,"週日、週一:
9:00-17:00
週二~週六:
8:30-21:00",Y,Y,Y,Y,Y,Y,,國定假日、每月第一個星期四為休館日
474,室內,圖書館舊莊分館,南港區,舊莊街一段91巷11號2-5樓,121.61946,25.04148,(02)27837212,,,,"週日、週一:
9:00-17:00
週二~週六:
8:30-21:00",Y,Y,Y,Y,Y,N,,國定假日、每月第一個星期四為休館日
475,室內,龍華民眾閱覽室,南港區,東新街63巷8號1-2樓,121.5870298,25.04779898,(02)27851740,,,,"週日、週一:
9:00-17:00
週二~週六:
8:30-21:00",Y,Y,Y,Y,Y,Y,,國定假日、每月第一個星期四為休館日
476,室內,親子美育數位館,南港區,研究院路二段61巷15號,121.617248,25.044633,(02)26518163,,,,"週一~週日:
9:00-17:00",Y,Y,Y,Y,Y,N,,國定假日、每月第一個星期四為休館日
477,室內,南港茶葉製造示範場,南港區,臺北市南港區舊莊街2段336號,121.66403,25.027424,(02)26548026,,,,"周二至周日
9:00-17:00
(春節期間另行公告)","Y
(部分區域)",N,Y,Y,Y,N,,
478,戶外,東明社會住宅公共空間,南港區,南港路二段60巷17號,121.6039,25.05435,(02)25925116,,,,24小時,N,N,N,N,N,N,,
479,戶外,中南社會住宅公共空間,南港區,舊莊街一段3巷42號,121.619,25.04282,(02)25925116,,,,24小時,N,N,N,N,N,N,,
480,戶外,小彎社會住宅公共空間,南港區,向陽路248號,121.5936,25.05763,(02)25925116,,,,24小時,N,N,N,N,N,N,,
481,室內,南港運動中心,南港區,玉成街69號,121.578936,25.052831,(02)26532279,,,,6:00-22:00,Y,Y,Y,Y,Y,N,,整修中
482,室內,極限運動訓練中心,南港區,忠孝東路七段382號,121.6077271,25.05204533,(02)27890001,,,,9:00-21:00,N,Y,Y,Y,Y,Y,,
483,戶外,青年公園,萬華區,水源路199號,121.5052476,25.02302471,(02)23032451,,,,24小時,N,N,Y,Y,Y,Y,,直飲台
484,戶外,青年公園-遊戲場,萬華區,水源路199號,121.5052476,25.02302471,(02)23032451,,,,24小時,N,N,Y,Y,Y,Y,,直飲台
485,戶外,和平青草園,萬華區,西園路一段與艋舺大道交叉口,121.4972192,25.03271569,(02)23032451,,,,24小時,N,N,Y,Y,Y,N,,直飲台
486,戶外,老松公園-遊戲場,萬華區,桂林路65巷,121.5028672,25.038552,(02)23032451,,,,24小時,N,N,Y,Y,Y,N,,直飲台
487,戶外,青山公園,萬華區,華西街8號旁,121.4983185,25.03942588,(02)23032451,,,,24小時,N,N,Y,Y,Y,N,,直飲台
488,戶外,萬華車站(東)人行天橋,萬華區,萬華車站橫跨康定路,121.500607,25.033385,(02)87913835,,,,24小時,N,N,N,N,N,N,,
489,戶外,萬華車站(西)人行天橋,萬華區,萬華車站橫跨艋舺大道,121.499248,25.032966,(02)87913835,,,,24小時,N,N,N,N,N,N,,
490,戶外,華中露營場風雨廣場-薄膜涼亭,萬華區,萬大路底華中河濱公園,121.497207,25.014164,(02)23087318,,,,24小時,N,N,Y,Y,N,N,,
491,室內,青年公園綠化教室,萬華區,水源路199號,121.5070731,25.0223341,(02)23032451,,,,8:00-17:00,Y,Y,Y,Y,Y,N,,飲水機
492,室內,青年公園棋藝區,萬華區,水源路199號,121.5066555,25.0239637,(02)23032451,,,,8:00-17:00,Y,N,Y,Y,Y,N,,飲水機
493,室內,青年公園愛心園地,萬華區,水源路199號,121.5061271,25.02565497,(02)23032451,,,,24小時,N,N,Y,Y,Y,N,,直飲台
494,室內,和平青草園閱覽室,萬華區,西園路一段與艋舺大道交叉口,121.4971956,25.032489,(02)23032451,,,,8:00-17:00,Y,Y,Y,Y,Y,N,閱覽室,直飲台
495,室內,糖業文化展示館,萬華區,大理街132之10號,121.4945,25.0334,(02)23067975,,,,每週二–週五，10:00-17:00,N,Y,Y,N,Y,N,,每週一休館
496,室內,西門紅樓,萬華區,成都路10號,121.506877,25.04207915,(02)23119380,,,,"週二-週四，11:00-20:00
週五、週日，11:00-21:00
週六，11:00-22:00",Y,Y,Y,Y,N,N,,每週一休館
497,室內,臺北市電影主題公園Urban Showcase,萬華區,康定路19號,121.5031862,25.04486884,(02)23119380,67,,(02)23123717,每週一–週日，10:00-22:00,N,N,Y,N,N,N,,全年開放
498,室內,剝皮寮歷史街區  遊客諮詢中心,萬華區,康定路173巷33號展間,121.5026,25.0368,(02)23023199,,,,每週二–週日，09:00-18:00,N,Y,Y,Y,N,N,,每週一休館
499,室內,文獻館  常設展廳,萬華區,中華路一段174-1號,121.50668,25.04046,(02)23115355,,,,每週二–週日，10:00-17:00,N,Y,Y,N,Y,N,展覽空間,每週一休館
500,室內,西門商場,萬華區,成都路10巷33號,121.50609,25.04181,(02)23312647,,,,10:30-2:00,N,N,Y,N,N,N,,
501,室內,西寧市場,萬華區,西寧南路4號,121.50713,25.04831,(02)23618316,,,,"1樓：
5:40-20:00
地下1樓：
4:00-12:00",N,Y,Y,N,Y,N,,
502,室內,河濱一商場,萬華區,環河南路一段2號至272號,121.50531,25.04885,(02)23319161,,,,9:30-19:00,N,N,Y,N,N,N,,
503,室內,河濱二商場,萬華區,環河南路一段286號至340號,121.49975,25.04116,(02)23612266,,,,8:30-19:30,N,N,N,N,N,N,,
504,室內,直興市場,萬華區,康定路172巷1號,121.50186,25.03958,(02)23817021,,,,8:00-15:00,N,N,Y,Y,N,N,,
505,室內,新富市場,萬華區,三水街70號,121.50141,25.03688,(02)23081558,,,,8:00-15:00,N,N,N,N,N,N,,
506,室內,龍山商場,萬華區,和平西路三段120號,121.50022,25.03513,(02)23369877,,,,"1樓：
10:30-19:00
2樓至3樓：
10:00-22:00",Y,Y,Y,Y,N,Y,,
507,室內,環南市場,萬華區,環河南路二段245號,121.49035,25.02874,(02)23051160,,,,2:00-12:00,Y,Y,Y,Y,Y,N,,
508,室內,龍山寺地下街,萬華區,西園路一段145號,121.5003039,25.03629554,(02)23065988,,,,11:00-21:00,N,Y,Y,N,N,N,,
509,室內,萬華區行政中心,萬華區,和平西路三段120號10～11樓,121.499812,25.035011,(02)23064468,,,,"週一至週五8:30-17:30
(例假日及國定假日除外)",Y,Y,Y,Y,Y,N,,
510,室內,圖書館龍山分館,萬華區,桂林路65巷6號,121.5025322,25.03869,(02)23311497,,,,"週日、週一:
9:00-17:00
週二~週六:
8:30-21:00",Y,Y,Y,Y,Y,N,,國定假日、每月第一個星期四為休館日
511,室內,圖書館東園分館,萬華區,東園街199號,121.49814,25.02284,(02)23070460,,,,"週日、週一:
9:00-17:00
週二~週六:
8:30-21:00",Y,Y,Y,Y,Y,N,,國定假日、每月第一個星期四為休館日
512,室內,圖書館西園分館,萬華區,興寧街6號3-6樓,121.5018422,25.03244097,(02)23069046,,,,"週日、週一:
9:00-17:00
週二~週六:
8:30-21:00",Y,Y,Y,Y,Y,N,,國定假日、每月第一個星期四為休館日
513,室內,圖書館萬華分館,萬華區,東園街19號5-7樓,121.4957959,25.02779024,(02)23391056,,,,"週日、週一:
9:00-17:00
週二~週六:
8:30-21:00",Y,Y,Y,Y,Y,Y,,國定假日、每月第一個星期四為休館日
514,室內,柳鄉民眾閱覽室,萬華區,萬華區環河南路二段102號4樓,121.49543,25.03711,(02)23080586,,,,9:00-17:00,Y,Y,Y,Y,Y,Y,,國定假日、每月第一個星期四為休館日
515,室內,太陽圖書館,萬華區,青年路65號,121.50452,25.02483,(02)23678734,,,,8:30-21:00,N,Y,N,Y,N,N,,
516,戶外,青年社會住宅1區公共空間,萬華區,青年路188號,121.504,25.01995,(02)25925116,,,,24小時,N,N,N,N,N,N,,
517,戶外,莒光社會住宅公共空間,萬華區,萬大路22號,121.5,25.03195,(02)25925116,,,,24小時,N,N,N,N,N,N,,
518,戶外,福星社會住宅公共空間,萬華區,開封街二段39號,121.5065,25.04701,(02)25925116,,,,24小時,N,N,N,N,N,N,,
519,戶外,青年社會住宅2區公共空間,萬華區,青年路184號,121.503,25.02033,(02)25925116,,,,24小時,N,N,N,N,N,N,,
520,室內,萬華運動中心,萬華區,西寧南路6-1號,121.50695,25.04698,(02)23759900,,,,6:00-22:00,Y,Y,Y,Y,Y,Y,,
521,室內,臺北市青年公園運動休閒園區,萬華區,水源路199號,121.506957,25.022096,(02)23053800,,,,6:00-22:00,Y,N,Y,Y,N,N,,
522,室內,西門町遊客中心,萬華區,漢中街45號,121.5075,25.04436,(02)23885255,,,,12:00-21:00,N,Y,Y,Y,Y,N,,
